<Resources>
  <string id="%1%" value="Diametro nominale"/>
  <string id="%2%" value="Gioco stretto"/>
  <string id="%3%" value="Gioco normale"/>
  <string id="%4%" value="Gioco ampio"/>
  <string id="%5%" value="Diametro testa"/>
  <string id="%6%" value="Profondità lamatura"/>
  <string id="%7%" value="Angolo svasatura"/>
  <string id="%8%" value="Filettature unificate ANSI"/>
  <string id="%9%" value="Vite a testa piana ANSI (82)"/>
  <string id="%10%" value="Vite a testa piana ANSI (100)"/>
  <string id="%11%" value="Bullone a testa esagonale ANSI"/>
  <string id="%12%" value="Vite esagonale ANSI"/>
  <string id="%13%" value="Vite a testa ovale ANSI"/>
  <string id="%14%" value="Vite a testa incassata ANSI"/>
  <string id="%15%" value="Vite a testa piana ANSI (80)"/>
</Resources>