<Resources>
  <string id="%1%" value="Diametro nominale"/>
  <string id="%2%" value="Gioco stretto"/>
  <string id="%3%" value="Gioco normale"/>
  <string id="%4%" value="Gioco ampio"/>
  <string id="%5%" value="Diametro testa"/>
  <string id="%6%" value="Profondità lamatura"/>
  <string id="%7%" value="Angolo svasatura"/>
  <string id="%8%" value="Foro a diametro uniforme DIN"/>
  <string id="%9%" value="Vite a testa svasata piana DIN EN ISO 2009"/>
  <string id="%10%" value="Viti a testa rialzata svasata ISO 2010"/>
  <string id="%11%" value="Vite a testa esagonale arrotondata DIN EN 24017"/>
  <string id="%12%" value="Vite a testa esagonale arrotondata DIN EN 24014 (lamatura superficiale)"/>
  <string id="%13%" value="Vite a testa esagonale DIN"/>
  <string id="%14%" value="Vite a testa svasata piana con esagono incassato DIN EN ISO 10642"/>
  <string id="%15%" value="Vite a testa incassata DIN EN ISO 4762"/>
  <string id="%16%" value="Vite intagliata a testa cilindrica DIN 84"/>
</Resources>