<Resources>
  <string id="%1%" value="Diametro nominale"/>
  <string id="%2%" value="Gioco stretto"/>
  <string id="%3%" value="Gioco normale"/>
  <string id="%4%" value="Gioco ampio"/>
  <string id="%5%" value="Diametro testa"/>
  <string id="%6%" value="Profondità lamatura"/>
  <string id="%7%" value="Angolo svasatura"/>
  <string id="%8%" value="Foro a diametro uniforme JIS"/>
  <string id="%9%" value="Vite a testa svasata piatta JIS"/>
  <string id="%10%" value="Vite a testa svasata rialzata JIS"/>
  <string id="%11%" value="Vite a testa esagonale arrotondata JIS"/>
  <string id="%12%" value="Bullone a testa esagonale JIS"/>
  <string id="%13%" value="Vite a testa esagonale JIS"/>
  <string id="%14%" value="Vite con esagono incassato JIS"/>
</Resources>