<Resources>
  <string id="%1%" value="S.A.E. - Serie A (accoppiamento permanente)"/>
  <string id="%2%" value="S.A.E. - Serie B (scorrimento senza carico)"/>
  <string id="%3%" value="S.A.E. - Serie C (scorrimento sotto carico)"/>
  <string id="%4%" value="ISO 14 - Serie leggera"/>
  <string id="%5%" value="ISO 14 - Serie media"/>
  <string id="%6%" value="CSN 01 4942 - Serie pesante"/>
  <string id="%7%" value="DIN 5462"/>
  <string id="%8%" value="DIN 5463"/>
  <string id="%9%" value="DIN 5464"/>
  <string id="%10%" value="DIN 5472"/>
  <string id="%11%" value="GOST 1139-80 1991- Light serie"/>
  <string id="%12%" value="GOST 1139-80 1991- Medium serie"/>
  <string id="%13%" value="GOST 1139-80 1991 - Heavy serie"/>  
</Resources>