<Resources>
  <string id="%1%" value="Materiale perno"/>
  <string id="%2%" value="Designazione materiale"/>
  <string id="%3%" value="Pressione di flessione ammissibile"/>
  <string id="%4%" value="psi"/>
  <string id="%5%" value="Sollecitazione a taglio ammissibile"/>
  <string id="%7%" value="Acciaio al carbonio 1211; 1212; 1213"/>
  <string id="%8%" value="Acciaio ad alto tenore di carbonio 1070 - 1095"/>
  <string id="%9%" value="Acciaio inossidabile 302"/>
  <string id="%10%" value="Acciaio inossidabile 410 - 420"/>
  <string id="%11%" value="Acciaio legato 6150H"/>
  <string id="%12%" value="Materiale"/>
  <string id="%13%" value="||s||.BA|"/>
  <string id="%14%" value="||t||.Al|"/>
</Resources>