<Resources>
  <string id="%1%" value="Materiale giunto"/>
  <string id="%2%" value="Designazione materiale"/>
  <string id="%3%" value="Pressione ammissibile (caricamento statico)"/>
  <string id="%4%" value="MPa"/>
  <string id="%5%" value="Modulo di elasticità"/>
  <string id="%6%" value="Acciaio gr. 37; 42"/>
  <string id="%7%" value="Acciaio gr. 50"/>
  <string id="%8%" value="Acciaio gr. 60"/>
  <string id="%9%" value="Acciaio gr. 70"/>
  <string id="%10%" value="Acciaio fuso"/>
  <string id="%11%" value="Ghisa grigia fusa"/>
  <string id="%12%" value="Bronzo"/>
  <string id="%13%" value="Materiale"/>
  <string id="%14%" value="||s||.A1|"/>
  <string id="%15%" value="E"/>
  <string id="%16%" value="Pressione ammissibile (caricamento ripetuto)"/>
  <string id="%17%" value="Pressione ammissibile (caricamento alternato)"/>
  <string id="%18%" value="||s||.A2|"/>
  <string id="%19%" value="||s||.A3|"/>
</Resources>