<Resources>
	<string id="%1%" value="Materiali (SI)"/>
	<string id="%2%" value="Designazione materiale"/>
	<string id="%3%" value="Trattamento termico"/>
	<string id="%4%" value="Resistenza a trazione"/>
	<string id="%5%" value="MPa"/>
	<string id="%6%" value="Resistenza allo snervamento"/>
	<string id="%7%" value="Potenza di trazione"/>
	<string id="%8%" value="Numero durezza Brinell"/>
	<string id="%9%" value="Sollecitazione di compressione massima ammissibile (Hertz)"/>
	<string id="%10%" value="Modulo di elasticità"/>
	<string id="%11%" value="Modulo a taglio"/>
	<string id="%12%" value="Coefficiente di Poisson"/>
	<string id="%13%" value="Densità"/>
	<string id="%14%" value="kg/m^3"/>
	<string id="%15%" value="Descrizione"/>
	<string id="%16%" value="Acciaio SAE 1015"/>
	<string id="%17%" value="grezzo di laminazione"/>
	<string id="%18%" value="normalizzato"/>
	<string id="%19%" value="ricotto"/>
	<string id="%20%" value="Acciaio SAE 1020"/>
	<string id="%21%" value="cementato"/>
	<string id="%22%" value="Acciaio SAE 1022"/>
	<string id="%23%" value="Acciaio SAE 1030"/>
	<string id="%24%" value="rinvenuto a 400 F"/>
	<string id="%25%" value="Acciaio SAE 1040"/>
	<string id="%26%" value="Acciaio SAE 1050"/>
	<string id="%27%" value="rinvenuto a 600 F"/>
	<string id="%28%" value="Acciaio SAE 1060"/>
	<string id="%29%" value="Acciaio SAE 1080"/>
	<string id="%30%" value="Acciaio SAE 1095"/>
	<string id="%31%" value="Acciaio SAE 1117"/>
	<string id="%32%" value="Acciaio SAE 1118"/>
	<string id="%33%" value="Acciaio SAE 1137"/>
	<string id="%34%" value="Acciaio SAE 1141"/>
	<string id="%35%" value="Acciaio SAE 1144"/>
	<string id="%36%" value="Acciaio SAE 1340"/>
	<string id="%37%" value="Acciaio SAE 3140"/>
	<string id="%38%" value="Acciaio SAE 4037"/>
	<string id="%39%" value="Acciaio SAE 4042"/>
	<string id="%40%" value="Acciaio SAE 4130"/>
	<string id="%41%" value="Acciaio SAE 4140"/>
	<string id="%42%" value="Acciaio SAE 4150"/>
	<string id="%43%" value="Acciaio SAE 4320"/>
	<string id="%44%" value="Acciaio SAE 4340"/>
	<string id="%45%" value="Acciaio SAE 4620"/>
	<string id="%46%" value="Acciaio SAE 4820"/>
	<string id="%47%" value="Acciaio SAE 5046"/>
	<string id="%48%" value="Acciaio SAE 5130"/>
	<string id="%49%" value="Acciaio SAE 5140"/>
	<string id="%50%" value="Acciaio SAE 5150"/>
	<string id="%51%" value="Acciaio SAE 5160"/>
	<string id="%52%" value="Acciaio SAE 6150"/>
	<string id="%53%" value="Acciaio SAE 8620"/>
	<string id="%54%" value="Acciaio SAE 8630"/>
	<string id="%55%" value="Acciaio SAE 8640"/>
	<string id="%56%" value="Acciaio SAE 8650"/>
	<string id="%57%" value="Acciaio SAE 8660"/>
	<string id="%58%" value="rinvenuto a 800 F"/>
	<string id="%59%" value="Acciaio SAE 8740"/>
	<string id="%60%" value="Acciaio SAE 9255"/>
	<string id="%61%" value="Acciaio SAE 9260"/>
	<string id="%62%" value="Acciaio SAE 9310"/>
	<string id="%63%" value="Acciaio SAE 30201"/>
	<string id="%64%" value="inossidabile"/>
	<string id="%65%" value="¼ temprato"/>
	<string id="%66%" value="½ temprato"/>
	<string id="%67%" value="¾ temprato"/>
	<string id="%68%" value="Completamente temprato"/>
	<string id="%69%" value="Acciaio SAE 30202"/>
	<string id="%70%" value="Acciaio SAE 30301"/>
	<string id="%71%" value="Acciaio SAE 30302"/>
	<string id="%72%" value="Acciaio SAE 30302B"/>
	<string id="%73%" value="Acciaio SAE 30303"/>
	<string id="%74%" value="Acciaio SAE 30304"/>
	<string id="%75%" value="Acciaio SAE 30304L"/>
	<string id="%76%" value="Acciaio SAE 30305"/>
	<string id="%77%" value="Acciaio SAE 30308"/>
	<string id="%78%" value="Acciaio SAE 30309"/>
	<string id="%79%" value="Acciaio SAE 30310"/>
	<string id="%80%" value="Acciaio SAE 30314"/>
	<string id="%81%" value="Acciaio SAE 30316"/>
	<string id="%82%" value="Acciaio SAE 30316L"/>
	<string id="%83%" value="Acciaio SAE 30317"/>
	<string id="%84%" value="Acciaio SAE 30321"/>
	<string id="%85%" value="Acciaio SAE 30347"/>
	<string id="%86%" value="Acciaio SAE 30348"/>
	<string id="%87%" value="Acciaio SAE 51403"/>
	<string id="%88%" value="Acciaio SAE 51405"/>
	<string id="%89%" value="Acciaio SAE 51410"/>
	<string id="%90%" value="Acciaio SAE 51414"/>
	<string id="%91%" value="Acciaio SAE 51416"/>
	<string id="%92%" value="Acciaio SAE 51420"/>
	<string id="%93%" value="Acciaio SAE 51430"/>
	<string id="%94%" value="Acciaio SAE 51430F"/>
	<string id="%95%" value="Acciaio SAE 51431"/>
	<string id="%96%" value="Acciaio SAE 51.440A"/>
	<string id="%97%" value="Acciaio SAE 51440C"/>
	<string id="%98%" value="Acciaio SAE 51446"/>
	<string id="%99%" value="Acciaio SAE 51501"/>
	<string id="%100%" value="Acciaio SAE 51502"/>
	<string id="%101%" value="Ghisa grigia fusa - Classe 20"/>
	<string id="%102%" value="Ghisa grigia fusa - Classe 25"/>
	<string id="%103%" value="Ghisa grigia fusa - Classe 30"/>
	<string id="%104%" value="Ghisa grigia fusa - Classe 35"/>
	<string id="%105%" value="Ghisa grigia fusa - Classe 40"/>
	<string id="%106%" value="Ghisa grigia fusa - Classe 50"/>
	<string id="%107%" value="Ghisa grigia fusa - Classe 60"/>
	<string id="%108%" value="Ghisa malleabile"/>
	<string id="%109%" value="Ghisa nodulare"/>
	<string id="%110%" value="Lega di rame C80100"/>
	<string id="%111%" value="Lega di rame ad alto rendimento C81300"/>
	<string id="%112%" value="Lega di rame ad alto rendimento C81500"/>
	<string id="%113%" value="Lega di rame ad alto rendimento C81700"/>
	<string id="%114%" value="Ottone rosso C83300"/>
	<string id="%115%" value="Ottone rosso C83400"/>
	<string id="%116%" value="Ottone rosso C83600"/>
	<string id="%117%" value="Ottone rosso C83800"/>
	<string id="%118%" value="Ottone mezzo rosso C84200"/>
	<string id="%119%" value="Ottone mezzo rosso C84400"/>
	<string id="%120%" value="Ottone mezzo rosso C84500"/>
	<string id="%121%" value="Ottone mezzo rosso C84800"/>
	<string id="%122%" value="Ottone giallo C85200"/>
	<string id="%123%" value="Ottone giallo C85400"/>
	<string id="%124%" value="Ottone giallo C85500"/>
	<string id="%125%" value="Ottone giallo C85700"/>
	<string id="%126%" value="Ottone giallo C85800"/>
	<string id="%127%" value="Bronzo al manganese C86100"/>
	<string id="%128%" value="Bronzo al manganese C86200"/>
	<string id="%129%" value="Bronzo al manganese C86300"/>
	<string id="%130%" value="Bronzo al manganese C86400"/>
	<string id="%131%" value="Bronzo al manganese C86500"/>
	<string id="%132%" value="Bronzo al manganese C86700"/>
	<string id="%133%" value="Bronzo al manganese C86800"/>
	<string id="%134%" value="Ottone al silicio C87200"/>
	<string id="%135%" value="Bronzo al silicio C87400"/>
	<string id="%136%" value="Bronzo al silicio C87500"/>
	<string id="%137%" value="Bronzo al silicio C87600"/>
	<string id="%138%" value="Bronzo al silicio C87800"/>
	<string id="%139%" value="Bronzo al silicio C87900"/>
	<string id="%140%" value="Bronzo stagnato C90200"/>
	<string id="%141%" value="Bronzo stagnato C90300"/>
	<string id="%142%" value="Bronzo stagnato C90500"/>
	<string id="%143%" value="Bronzo stagnato C90700"/>
	<string id="%144%" value="Bronzo stagnato C90900"/>
	<string id="%145%" value="Bronzo stagnato C91000"/>
	<string id="%146%" value="Bronzo stagnato C91100"/>
	<string id="%147%" value="Bronzo stagnato C91300"/>
	<string id="%148%" value="Bronzo stagnato C91600"/>
	<string id="%149%" value="Bronzo stagnato C91700"/>
	<string id="%150%" value="Bronzo stagnato al piombo C92200"/>
	<string id="%151%" value="Bronzo stagnato al piombo C92300"/>
	<string id="%152%" value="Bronzo stagnato al piombo C92500"/>
	<string id="%153%" value="Bronzo stagnato al piombo C92600"/>
	<string id="%154%" value="Bronzo stagnato al piombo C92700"/>
	<string id="%155%" value="Bronzo stagnato al piombo C92800"/>
	<string id="%156%" value="Bronzo stagnato al piombo C92900"/>
	<string id="%157%" value="Bronzo stagnato ad alto contenuto di piombo C93200"/>
	<string id="%158%" value="Bronzo stagnato ad alto contenuto di piombo C93400"/>
	<string id="%159%" value="Bronzo stagnato ad alto contenuto di piombo C93500"/>
	<string id="%160%" value="Bronzo stagnato ad alto contenuto di piombo C93700"/>
	<string id="%161%" value="Bronzo stagnato ad alto contenuto di piombo C93800"/>
	<string id="%162%" value="Bronzo stagnato ad alto contenuto di piombo C93900"/>
	<string id="%163%" value="Bronzo stagnato ad alto contenuto di piombo C94300"/>
	<string id="%164%" value="Bronzo stagnato ad alto contenuto di piombo C94400"/>
	<string id="%165%" value="Bronzo stagnato ad alto contenuto di piombo C94500"/>
	<string id="%166%" value="Bronzo stagnato al nichel C94700"/>
	<string id="%167%" value="Bronzo stagnato al nichel C94800"/>
	<string id="%168%" value="Bronzo di alluminio C95200"/>
	<string id="%169%" value="Bronzo di alluminio C95300"/>
	<string id="%170%" value="Bronzo di alluminio C95400"/>
	<string id="%171%" value="Bronzo di alluminio C95500"/>
	<string id="%172%" value="Bronzo di alluminio C95600"/>
	<string id="%173%" value="Bronzo di alluminio C95700"/>
	<string id="%174%" value="Bronzo di alluminio C95800"/>
	<string id="%175%" value="Rame nichelato C96200"/>
	<string id="%176%" value="Rame nichelato C96300"/>
	<string id="%177%" value="Rame nichelato C96400"/>
	<string id="%178%" value="Rame nichelato C96600"/>
	<string id="%179%" value="Argento nichelato C97300"/>
	<string id="%180%" value="Argento nichelato C97400"/>
	<string id="%181%" value="Argento nichelato C97600"/>
	<string id="%182%" value="Argento nichelato C97800"/>
	<string id="%183%" value="Lega speciale C99300"/>
	<string id="%184%" value="Lega speciale C99400"/>
	<string id="%185%" value="Lega speciale C99500"/>
	<string id="%186%" value="Lega speciale C99700"/>
	<string id="%187%" value="Lega speciale C99750"/>
	<string id="%188%" value="Lega di rame C10100"/>
	<string id="%189%" value="Lega di rame C15000"/>
	<string id="%190%" value="Lega di rame C15500"/>
	<string id="%191%" value="Lega di rame C15715"/>
	<string id="%192%" value="Lega di rame C15720"/>
	<string id="%193%" value="Lega di rame C15760"/>
	<string id="%194%" value="Lega di rame C16200"/>
	<string id="%195%" value="Lega di rame C16500"/>
	<string id="%196%" value="Lega di rame C17000"/>
	<string id="%197%" value="Lega di rame C17300"/>
	<string id="%198%" value="Lega di rame C17500"/>
	<string id="%199%" value="Lega di rame C18200"/>
	<string id="%200%" value="Lega di rame C18900"/>
	<string id="%201%" value="Lega di rame C19000"/>
	<string id="%202%" value="Lega di rame C19100"/>
	<string id="%203%" value="Lega di rame C19200"/>
	<string id="%204%" value="Lega di rame C19400"/>
	<string id="%205%" value="Lega di rame C19500"/>
	<string id="%206%" value="Lega di rame C21000"/>
	<string id="%207%" value="Bronzo commerciale C22000"/>
	<string id="%208%" value="Ottone rosso C23000"/>
	<string id="%209%" value="Ottone a basso tenore di zinco C24000"/>
	<string id="%210%" value="Ottone per bossoli C26000"/>
	<string id="%211%" value="Ottone giallo C26800"/>
	<string id="%212%" value="Metallo Muntz C28000"/>
	<string id="%213%" value="Bronzo commerciale al piombo C31400"/>
	<string id="%214%" value="Ottone a basso contenuto di piombo C33000"/>
	<string id="%215%" value="Ottone ad alto contenuto di piombo C34200"/>
	<string id="%216%" value="Ottone a medio contenuto di piombo C35000"/>
	<string id="%217%" value="Metallo Muntz al piombo C36500"/>
	<string id="%218%" value="Grezzo di laminazione a caldo"/>
	<string id="%219%" value="Bronzo architettonico C38500"/>
	<string id="%220%" value="Estruso"/>
	<string id="%221%" value="Lega di rame C40500"/>
	<string id="%222%" value="Lega di rame C40800"/>
	<string id="%223%" value="Lega di rame C41100"/>
	<string id="%224%" value="Lega di rame C41300"/>
	<string id="%225%" value="Lega di rame C41500"/>
	<string id="%226%" value="Lega di rame C42200"/>
	<string id="%227%" value="Lega di rame C42500"/>
	<string id="%228%" value="Lega di rame C43000"/>
	<string id="%229%" value="Lega di rame C43400"/>
	<string id="%230%" value="Lega di rame C43500"/>
	<string id="%231%" value="Lega di rame C44300"/>
	<string id="%232%" value="Lega di rame C46400"/>
	<string id="%233%" value="Lega di rame C48200"/>
	<string id="%234%" value="Lega di rame C48500"/>
	<string id="%235%" value="Lega di rame C50500"/>
	<string id="%236%" value="Lega di rame C51000"/>
	<string id="%237%" value="Lega di rame C51100"/>
	<string id="%238%" value="Lega di rame C52100"/>
	<string id="%239%" value="Lega di rame C52400"/>
	<string id="%240%" value="Lega di rame C54400"/>
	<string id="%241%" value="Lega di rame C60800"/>
	<string id="%242%" value="Lega di rame C61000"/>
	<string id="%243%" value="Lega di rame C61300"/>
	<string id="%244%" value="Lega di rame C61400"/>
	<string id="%245%" value="Lega di rame C61500"/>
	<string id="%246%" value="Lega di rame C61800"/>
	<string id="%247%" value="Lega di rame C61900"/>
	<string id="%248%" value="Lega di rame C62300"/>
	<string id="%249%" value="Lega di rame C62400"/>
	<string id="%250%" value="Lega di rame C62500"/>
	<string id="%251%" value="Lega di rame C63000"/>
	<string id="%252%" value="Lega di rame C63200"/>
	<string id="%253%" value="Lega di rame C63600"/>
	<string id="%254%" value="Lega di rame C63800"/>
	<string id="%255%" value="Lega di rame C64200"/>
	<string id="%256%" value="Lega di rame C65100"/>
	<string id="%257%" value="Lega di rame C65500"/>
	<string id="%258%" value="Lega di rame C66700"/>
	<string id="%259%" value="Lega di rame C67400"/>
	<string id="%260%" value="Lega di rame C67500"/>
	<string id="%261%" value="Lega di rame C68700"/>
	<string id="%262%" value="Lega di rame C68800"/>
	<string id="%263%" value="Lega di rame C69000"/>
	<string id="%264%" value="Lega di rame C69400"/>
	<string id="%265%" value="Lega di rame C70400"/>
	<string id="%266%" value="Lega di rame C70600"/>
	<string id="%267%" value="Lega di rame C71000"/>
	<string id="%268%" value="Lega di rame C71500"/>
	<string id="%269%" value="Lega di rame C72200"/>
	<string id="%270%" value="Lega di rame C72500"/>
	<string id="%271%" value="Lega di rame C73500"/>
	<string id="%272%" value="Lega di rame C74500"/>
	<string id="%273%" value="Lega di rame C75200"/>
	<string id="%274%" value="Lega di rame C75400"/>
	<string id="%275%" value="Lega di rame C75700"/>
	<string id="%276%" value="Lega di rame C76390"/>
	<string id="%277%" value="Lega di rame C77000"/>
	<string id="%278%" value="Lega di rame C78200"/>
	<string id="%279%" value="Lega di alluminio 201.0"/>
	<string id="%280%" value="Fuso (T7)"/>
	<string id="%281%" value="Lega di alluminio 204.0"/>
	<string id="%282%" value="Fuso (T4)"/>
	<string id="%283%" value="Lega di alluminio 208.0"/>
	<string id="%284%" value="Fuso (F)"/>
	<string id="%285%" value="Lega di alluminio 222.0"/>
	<string id="%286%" value="Fuso (O)"/>
	<string id="%287%" value="Fuso (T61)"/>
	<string id="%288%" value="Lega di alluminio 242.0"/>
	<string id="%289%" value="Fuso (T571)"/>
	<string id="%290%" value="Fuso (T77)"/>
	<string id="%291%" value="Lega di alluminio 295.0"/>
	<string id="%292%" value="Fuso (T6)"/>
	<string id="%293%" value="Fuso (T62)"/>
	<string id="%294%" value="Lega di alluminio 319.0"/>
	<string id="%295%" value="Fuso (T5)"/>
	<string id="%296%" value="Lega di alluminio 328.0"/>
	<string id="%297%" value="Lega di alluminio 355.0"/>
	<string id="%298%" value="Fuso (T51)"/>
	<string id="%299%" value="Fuso (T71)"/>
	<string id="%300%" value="Lega di alluminio C355.0"/>
	<string id="%301%" value="Lega di alluminio 356.0"/>
	<string id="%302%" value="Lega di alluminio A356.0"/>
	<string id="%303%" value="Lega di alluminio 443.0"/>
	<string id="%304%" value="Lega di alluminio B443.0"/>
	<string id="%305%" value="Lega di alluminio 512.0"/>
	<string id="%306%" value="Lega di alluminio 514.0"/>
	<string id="%307%" value="Lega di alluminio 520.0"/>
	<string id="%308%" value="Lega di alluminio 535.0"/>
	<string id="%309%" value="Fuso (F o T5)"/>
	<string id="%310%" value="Lega di alluminio 705.0"/>
	<string id="%311%" value="Lega di alluminio 707.0"/>
	<string id="%312%" value="Lega di alluminio 710.0"/>
	<string id="%313%" value="Lega di alluminio 712.0"/>
	<string id="%314%" value="Lega di alluminio 713.0"/>
	<string id="%315%" value="Lega di alluminio 771.0"/>
	<string id="%316%" value="Fuso (T52)"/>
	<string id="%317%" value="Fuso (T53)"/>
	<string id="%318%" value="Lega di alluminio 850.0"/>
	<string id="%319%" value="Lega di alluminio 851.0"/>
	<string id="%320%" value="Lega di alluminio 852.0"/>
	<string id="%321%" value="Lega di alluminio 1060-O"/>
	<string id="%322%" value="Saldato"/>
	<string id="%323%" value="Lega di alluminio 1060-H12"/>
	<string id="%324%" value="Lega di alluminio 1060-H14"/>
	<string id="%325%" value="Lega di alluminio 1060-H16"/>
	<string id="%326%" value="Lega di alluminio 1060-H18"/>
	<string id="%327%" value="Lega di alluminio 1100-O"/>
	<string id="%328%" value="Lega di alluminio 1100-H12"/>
	<string id="%329%" value="Lega di alluminio 1100-H14"/>
	<string id="%330%" value="Lega di alluminio 1100-H16"/>
	<string id="%331%" value="Lega di alluminio 1100-H18"/>
	<string id="%332%" value="Lega di alluminio 1350-O"/>
	<string id="%333%" value="Lega di alluminio 1350-H12"/>
	<string id="%334%" value="Lega di alluminio 1350-H14"/>
	<string id="%335%" value="Lega di alluminio 1350-H16"/>
	<string id="%336%" value="Lega di alluminio 1350-H19"/>
	<string id="%337%" value="Lega di alluminio 2011-T3"/>
	<string id="%338%" value="Lega di alluminio 2011-T8"/>
	<string id="%339%" value="Lega di alluminio 2014-O"/>
	<string id="%340%" value="Lega di alluminio 2014-T4"/>
	<string id="%341%" value="Lega di alluminio 2014-T451"/>
	<string id="%342%" value="Lega di alluminio 2014-T6"/>
	<string id="%343%" value="Lega di alluminio 2014-T651"/>
	<string id="%344%" value="Lega di alluminio ricoperta di alluminio puro 2014-O"/>
	<string id="%345%" value="Lega di alluminio ricoperta di alluminio puro 2014-T3"/>
	<string id="%346%" value="Lega di alluminio ricoperta di alluminio puro 2014-T4"/>
	<string id="%347%" value="Lega di alluminio ricoperta di alluminio puro 2014-T451"/>
	<string id="%348%" value="Lega di alluminio ricoperta di alluminio puro 2014-T6"/>
	<string id="%349%" value="Lega di alluminio ricoperta di alluminio puro 2014-T651"/>
	<string id="%350%" value="Lega di alluminio 2017-O"/>
	<string id="%351%" value="Lega di alluminio 2017-T4"/>
	<string id="%352%" value="Lega di alluminio 2017-T451"/>
	<string id="%353%" value="Lega di alluminio 2018-T61"/>
	<string id="%354%" value="Lega di alluminio 2024-O"/>
	<string id="%355%" value="Lega di alluminio 2024-T3"/>
	<string id="%356%" value="Lega di alluminio 2024-T351"/>
	<string id="%357%" value="Lega di alluminio 2024-T4"/>
	<string id="%358%" value="Lega di alluminio 2024-T361"/>
	<string id="%359%" value="Lega di alluminio ricoperta di alluminio puro 2024-O"/>
	<string id="%360%" value="Lega di alluminio ricoperta di alluminio puro 2024-T3"/>
	<string id="%361%" value="Lega di alluminio ricoperta di alluminio puro 2024-T351"/>
	<string id="%362%" value="Lega di alluminio ricoperta di alluminio puro 2024-T4"/>
	<string id="%363%" value="Lega di alluminio ricoperta di alluminio puro 202024-T361"/>
	<string id="%364%" value="Lega di alluminio ricoperta di alluminio puro 2024-T81"/>
	<string id="%365%" value="Lega di alluminio ricoperta di alluminio puro 2024-T851"/>
	<string id="%366%" value="Lega di alluminio ricoperta di alluminio puro 2024-T861"/>
	<string id="%367%" value="Lega di alluminio 2025-T6"/>
	<string id="%368%" value="Lega di alluminio 2036-T4"/>
	<string id="%369%" value="Lega di alluminio 2117-T4"/>
	<string id="%370%" value="Lega di alluminio 2218-T72"/>
	<string id="%371%" value="Lega di alluminio 2219-O"/>
	<string id="%372%" value="Lega di alluminio 2219-T42"/>
	<string id="%373%" value="Lega di alluminio 2219-T31"/>
	<string id="%374%" value="Lega di alluminio 2219-T351"/>
	<string id="%375%" value="Lega di alluminio 2219-T37"/>
	<string id="%376%" value="Lega di alluminio 2219-T62"/>
	<string id="%377%" value="Lega di alluminio 2219-T81"/>
	<string id="%378%" value="Lega di alluminio 2219-T851"/>
	<string id="%379%" value="Lega di alluminio 2219-T87"/>
	<string id="%380%" value="Lega di alluminio 3003-O"/>
	<string id="%381%" value="Lega di alluminio 3003-H12"/>
	<string id="%382%" value="Lega di alluminio 3003-H14"/>
	<string id="%383%" value="Lega di alluminio 3003-H16"/>
	<string id="%384%" value="Lega di alluminio 3003-H18"/>
	<string id="%385%" value="Lega di alluminio ricoperta di alluminio puro 3003-O"/>
	<string id="%386%" value="Lega di alluminio ricoperta di alluminio puro 3003-H12"/>
	<string id="%387%" value="Lega di alluminio ricoperta di alluminio puro 3003-H14"/>
	<string id="%388%" value="Lega di alluminio ricoperta di alluminio puro 3003-H16"/>
	<string id="%389%" value="Lega di alluminio ricoperta di alluminio puro 3003-H18"/>
	<string id="%390%" value="Lega di alluminio 3004-O"/>
	<string id="%391%" value="Lega di alluminio 3004-H32"/>
	<string id="%392%" value="Lega di alluminio 3004-H34"/>
	<string id="%393%" value="Lega di alluminio 3004-H36"/>
	<string id="%394%" value="Lega di alluminio 3004-H38"/>
	<string id="%395%" value="Lega di alluminio ricoperta di alluminio puro 3004-O"/>
	<string id="%396%" value="Lega di alluminio ricoperta di alluminio puro 3004-H32"/>
	<string id="%397%" value="Lega di alluminio ricoperta di alluminio puro 3004-H34"/>
	<string id="%398%" value="Lega di alluminio ricoperta di alluminio puro 3004-H36"/>
	<string id="%399%" value="Lega di alluminio ricoperta di alluminio puro 3004-H38"/>
	<string id="%400%" value="Lega di alluminio 3105-O"/>
	<string id="%401%" value="Lega di alluminio 3105-H12"/>
	<string id="%402%" value="Lega di alluminio 3105-H14"/>
	<string id="%403%" value="Lega di alluminio 3105-H16"/>
	<string id="%404%" value="Lega di alluminio 3105-H18"/>
	<string id="%405%" value="Lega di alluminio 3105-H25"/>
	<string id="%406%" value="Lega di alluminio 4032-T6"/>
	<string id="%407%" value="Lega di alluminio 5005-O"/>
	<string id="%408%" value="Lega di alluminio 5005-H12"/>
	<string id="%409%" value="Lega di alluminio 5005-H14"/>
	<string id="%410%" value="Lega di alluminio 5005-H16"/>
	<string id="%411%" value="Lega di alluminio 5005-H18"/>
	<string id="%412%" value="Lega di alluminio 5005-H32"/>
	<string id="%413%" value="Lega di alluminio 5005-H34"/>
	<string id="%414%" value="Lega di alluminio 5005-H36"/>
	<string id="%415%" value="Lega di alluminio 5005-H38"/>
	<string id="%416%" value="Lega di alluminio 5050-O"/>
	<string id="%417%" value="Lega di alluminio 5050-H32"/>
	<string id="%418%" value="Lega di alluminio 5050-H34"/>
	<string id="%419%" value="Lega di alluminio 5050-H36"/>
	<string id="%420%" value="Lega di alluminio 5050-H38"/>
	<string id="%421%" value="Lega di alluminio 5052-O"/>
	<string id="%422%" value="Lega di alluminio 5052-H32"/>
	<string id="%423%" value="Lega di alluminio 5052-H34"/>
	<string id="%424%" value="Lega di alluminio 5052-H36"/>
	<string id="%425%" value="Lega di alluminio 5052-H38"/>
	<string id="%426%" value="Lega di alluminio 5056-O"/>
	<string id="%427%" value="Lega di alluminio 5056-H18"/>
	<string id="%428%" value="Lega di alluminio 5056-H38"/>
	<string id="%429%" value="Lega di alluminio 5083-O"/>
	<string id="%430%" value="Lega di alluminio 5083-H116"/>
	<string id="%431%" value="Lega di alluminio 5083-H321"/>
	<string id="%432%" value="Lega di alluminio 5086-O"/>
	<string id="%433%" value="Lega di alluminio 5086-H32"/>
	<string id="%434%" value="Lega di alluminio 5086-H34"/>
	<string id="%435%" value="Lega di alluminio 5086-H112"/>
	<string id="%436%" value="Lega di alluminio 5086-H116"/>
	<string id="%437%" value="Lega di alluminio 5154-O"/>
	<string id="%438%" value="Lega di alluminio 5154-H32"/>
	<string id="%439%" value="Lega di alluminio 5154-H34"/>
	<string id="%440%" value="Lega di alluminio 5154-H36"/>
	<string id="%441%" value="Lega di alluminio 5154-H38"/>
	<string id="%442%" value="Lega di alluminio 5154-H112"/>
	<string id="%443%" value="Lega di alluminio 5252-H25"/>
	<string id="%444%" value="Lega di alluminio 5252-H28"/>
	<string id="%445%" value="Lega di alluminio 5252-H38"/>
	<string id="%446%" value="Lega di alluminio 5254-O"/>
	<string id="%447%" value="Lega di alluminio 5254-H32"/>
	<string id="%448%" value="Lega di alluminio 5254-H34"/>
	<string id="%449%" value="Lega di alluminio 5254-H36"/>
	<string id="%450%" value="Lega di alluminio 5254-H38"/>
	<string id="%451%" value="Lega di alluminio 5254-H112"/>
	<string id="%452%" value="Lega di alluminio 5454-O"/>
	<string id="%453%" value="Lega di alluminio 5454-H32"/>
	<string id="%454%" value="Lega di alluminio 5454-H34"/>
	<string id="%455%" value="Lega di alluminio 5454-H111"/>
	<string id="%456%" value="Lega di alluminio 5454-H112"/>
	<string id="%457%" value="Lega di alluminio 5456-O"/>
	<string id="%458%" value="Lega di alluminio 5456-H112"/>
	<string id="%459%" value="Lega di alluminio 5456-H116"/>
	<string id="%460%" value="Lega di alluminio 5456-H321"/>
	<string id="%461%" value="Lega di alluminio 5457-O"/>
	<string id="%462%" value="Lega di alluminio 5457-H25"/>
	<string id="%463%" value="Lega di alluminio 5457-H28"/>
	<string id="%464%" value="Lega di alluminio 5457-H38"/>
	<string id="%465%" value="Lega di alluminio 5652-O"/>
	<string id="%466%" value="Lega di alluminio 5652-H32"/>
	<string id="%467%" value="Lega di alluminio 5652-H34"/>
	<string id="%468%" value="Lega di alluminio 5652-H36"/>
	<string id="%469%" value="Lega di alluminio 5652-H38"/>
	<string id="%470%" value="Lega di alluminio 5657-H25"/>
	<string id="%471%" value="Lega di alluminio 5657-H28"/>
	<string id="%472%" value="Lega di alluminio 5657-H38"/>
	<string id="%473%" value="Lega di alluminio 6061-O"/>
	<string id="%474%" value="Lega di alluminio 6061-T4"/>
	<string id="%475%" value="Lega di alluminio 6061-T451"/>
	<string id="%476%" value="Lega di alluminio 6061-T6"/>
	<string id="%477%" value="Lega di alluminio 6061-T651"/>
	<string id="%478%" value="Lega di alluminio ricoperta di alluminio puro 6061-O"/>
	<string id="%479%" value="Lega di alluminio ricoperta di alluminio puro 6061-T4"/>
	<string id="%480%" value="Lega di alluminio ricoperta di alluminio puro 6061-T451"/>
	<string id="%481%" value="Lega di alluminio ricoperta di alluminio puro 6061-T6"/>
	<string id="%482%" value="Lega di alluminio ricoperta di alluminio puro 6061-T651"/>
	<string id="%483%" value="Lega di alluminio 6063-O"/>
	<string id="%484%" value="Lega di alluminio 6063-T1"/>
	<string id="%485%" value="Lega di alluminio 6063-T4"/>
	<string id="%486%" value="Lega di alluminio 6063-T5"/>
	<string id="%487%" value="Lega di alluminio 6063-T6"/>
	<string id="%488%" value="Lega di alluminio 6063-T83"/>
	<string id="%489%" value="Lega di alluminio 6063-T831"/>
	<string id="%490%" value="Lega di alluminio 6063-T832"/>
	<string id="%491%" value="Lega di alluminio 6066-O"/>
	<string id="%492%" value="Lega di alluminio 6066-T4"/>
	<string id="%493%" value="Lega di alluminio 6066-T451"/>
	<string id="%494%" value="Lega di alluminio 6066-T6"/>
	<string id="%495%" value="Lega di alluminio 6066-T651"/>
	<string id="%496%" value="Lega di alluminio 6070-T6"/>
	<string id="%497%" value="Lega di alluminio 6101-H111"/>
	<string id="%498%" value="Lega di alluminio 6101-T6"/>
	<string id="%499%" value="Lega di alluminio 6262-T9"/>
	<string id="%500%" value="Lega di alluminio 6351-T4"/>
	<string id="%501%" value="Lega di alluminio 6351-T6"/>
	<string id="%502%" value="Lega di alluminio 6463-T1"/>
	<string id="%503%" value="Lega di alluminio 6463-T5"/>
	<string id="%504%" value="Lega di alluminio 6463-T6"/>
	<string id="%505%" value="Lega di alluminio 7049-T73"/>
	<string id="%506%" value="Lega di alluminio 7049-T7352"/>
	<string id="%507%" value="Lega di alluminio 7050-T73510"/>
	<string id="%508%" value="Lega di alluminio 7050-T7451f"/>
	<string id="%509%" value="Lega di alluminio 7050-T7651"/>
	<string id="%510%" value="Lega di alluminio 7075-O"/>
	<string id="%511%" value="Lega di alluminio 7075-T6"/>
	<string id="%512%" value="Lega di alluminio 7075-T651"/>
	<string id="%513%" value="Lega di alluminio ricoperta di alluminio puro 7075-O"/>
	<string id="%514%" value="Lega di alluminio ricoperta di alluminio puro 7075-T6"/>
	<string id="%515%" value="Lega di alluminio ricoperta di alluminio puro 7075-T651"/>
	<string id="%516%" value="Lega di alluminio 7178-O"/>
	<string id="%517%" value="Lega di alluminio 7178-T6"/>
	<string id="%518%" value="Lega di alluminio 7178-T651"/>
	<string id="%519%" value="Lega di alluminio 7178-T76"/>
	<string id="%520%" value="Lega di alluminio 7178-T7651"/>
	<string id="%521%" value="Lega di alluminio ricoperta di alluminio puro 7178-O"/>
	<string id="%522%" value="Lega di alluminio ricoperta di alluminio puro 7178-T6"/>
	<string id="%523%" value="Lega di alluminio ricoperta di alluminio puro 7178-T651"/>
	<string id="%524%" value="Lega di alluminio 8176-H24"/>
	<string id="%525%" value="Lega di magnesio AM100A-T61"/>
	<string id="%526%" value="Colata a terra"/>
	<string id="%527%" value="Lega di magnesio AZ63A-T6"/>
	<string id="%528%" value="Lega di magnesio AZ81A-T4"/>
	<string id="%529%" value="Lega di magnesio AZ91C-T6"/>
	<string id="%530%" value="Lega di magnesio AZ91E-T6"/>
	<string id="%531%" value="Lega di magnesio AZ92A-T6"/>
	<string id="%532%" value="Lega di magnesio EZ33A-T5"/>
	<string id="%533%" value="Lega di magnesio HK31A-T6"/>
	<string id="%534%" value="Lega di magnesio HZ32A-T6"/>
	<string id="%535%" value="Lega di magnesio K1A-F"/>
	<string id="%536%" value="Lega di magnesio QE22A-T6"/>
	<string id="%537%" value="Lega di magnesio QH21A-T6"/>
	<string id="%538%" value="Lega di magnesio ZE41A-T5"/>
	<string id="%539%" value="Lega di magnesio ZE63A-T6"/>
	<string id="%540%" value="Lega di magnesio ZH62A-T5"/>
	<string id="%541%" value="Lega di magnesio ZK51A-T5"/>
	<string id="%542%" value="Lega di magnesio ZK61A-T6"/>
	<string id="%543%" value="Lega di magnesio WE54A-F"/>
	<string id="%544%" value="Lega di magnesio AZ91A-F"/>
	<string id="%545%" value="pressofusione"/>
	<string id="%546%" value="Lega di magnesio AZ91B-FAZ91B-F"/>
	<string id="%547%" value="Lega di magnesio AZ91D-F"/>
	<string id="%548%" value="Lega di magnesio AM60A-F"/>
	<string id="%549%" value="Lega di magnesio AM60B-F"/>
	<string id="%550%" value="Lega di magnesio AS41A-F"/>
	<string id="%551%" value="Lega di magnesio AZ10A-F"/>
	<string id="%552%" value="Lega di magnesio AZ31B-F"/>
	<string id="%553%" value="Lega di magnesio AZ31C-F"/>
	<string id="%554%" value="Lega di magnesio AZ61A-F"/>
	<string id="%555%" value="Lega di magnesio AZ80A-T5"/>
	<string id="%556%" value="Lega di magnesio HM31A-F"/>
	<string id="%557%" value="Lega di magnesio M1A-F"/>
	<string id="%558%" value="Lega di magnesio ZK40A-T5"/>
	<string id="%559%" value="Lega di magnesio ZK60A-F"/>
	<string id="%560%" value="Lega di magnesio AZ31B-H24"/>
	<string id="%561%" value="Lega di magnesio AZ31C-H24"/>
	<string id="%562%" value="Lega di magnesio HK31A-H24"/>
	<string id="%563%" value="Lega di magnesio HM21A-T8"/>
	<string id="%564%" value="Norme"/>
	<string id="%565%" value="Std"/>
	<string id="%566%" value="ANSI"/>
	<string id="%567%" value="ISO"/>
	<string id="%568%" value="DIN"/>
	<string id="%569%" value="BS"/>
	<string id="%570%" value="CSN"/>
	<string id="%571%" value="GOST"/>
	<string id="%572%" value="NF"/>
	<string id="%573%" value="JIS"/>
	<string id="%574%" value="Materiale"/>
	<string id="%575%" value="Trattamento termico"/>
	<string id="%576%" value="S|.u|"/>
	<string id="%577%" value="S|.y|"/>
	<string id="%578%" value="A5"/>
	<string id="%579%" value="B|.hn|"/>
	<string id="%580%" value="p|.H|"/>
	<string id="%581%" value="E"/>
	<string id="%582%" value="G"/>
	<string id="%583%" value="||m|"/>
	<string id="%584%" value="||r|"/>
	<string id="%585%" value="Desc."/>
	<string id="%586%" value="EN 11SMn30"/>
	<string id="%587%" value="Acciaio automatico"/>
	<string id="%588%" value="EN 10S2O"/>
	<string id="%589%" value="EN 35S20"/>
	<string id="%590%" value="EN FeP01"/>
	<string id="%591%" value="Acciaio di profondo stampaggio"/>
	<string id="%592%" value="EN FeP03"/>
	<string id="%593%" value="EN FeP04"/>
	<string id="%594%" value="EN SPT360"/>
	<string id="%595%" value="Profilato di acciaio"/>
	<string id="%596%" value="EN P235GH"/>
	<string id="%597%" value="Acciaio resistente al calore"/>
	<string id="%598%" value="EN S235JRG1"/>
	<string id="%599%" value="EN S235JRH"/>
	<string id="%600%" value="EN S235JRG2"/>
	<string id="%601%" value="EN S235JO"/>
	<string id="%602%" value="EN P265GH"/>
	<string id="%603%" value="EN S275JR"/>
	<string id="%604%" value="EN S275J2G3"/>
	<string id="%605%" value="EN S275J2HG3"/>
	<string id="%606%" value="EN S355J2G3"/>
	<string id="%607%" value="EN S355J2H"/>
	<string id="%608%" value="EN S355JO"/>
	<string id="%609%" value="EN S355JOH"/>
	<string id="%610%" value="EN SPT410"/>
	<string id="%611%" value="EN SPT510"/>
	<string id="%612%" value="EN E295"/>
	<string id="%613%" value="EN E355"/>
	<string id="%614%" value="EN E360"/>
	<string id="%615%" value="EN C10E"/>
	<string id="%616%" value="Acciaio da cementazione e tempra"/>
	<string id="%617%" value="EN C15E"/>
	<string id="%618%" value="EN C22"/>
	<string id="%619%" value="Acciaio da trattamento termico"/>
	<string id="%620%" value="EN C25"/>
	<string id="%621%" value="EN C30"/>
	<string id="%622%" value="EN C35"/>
	<string id="%623%" value="EN C40"/>
	<string id="%624%" value="EN C45"/>
	<string id="%625%" value="trattato termicamente"/>
	<string id="%626%" value="EN C50"/>
	<string id="%627%" value="EN C55"/>
	<string id="%628%" value="EN C60"/>
	<string id="%629%" value="EN P295GH"/>
	<string id="%630%" value="EN 28Mn6"/>
	<string id="%631%" value="EN 17Cr3"/>
	<string id="%632%" value="EN 34Cr4"/>
	<string id="%633%" value="EN 37Cr4"/>
	<string id="%634%" value="EN 41Cr4"/>
	<string id="%635%" value="EN 16MnCr5"/>
	<string id="%636%" value="cementato e temprato"/>
	<string id="%637%" value="EN 20MnCr5"/>
	<string id="%638%" value="EN 16Mo3"/>
	<string id="%639%" value="EN 13CrMo4"/>
	<string id="%640%" value="EN 25CrMo4"/>
	<string id="%641%" value="EN 34CrMo4"/>
	<string id="%642%" value="EN 42CrMo4"/>
	<string id="%643%" value="EN S355J2G1W"/>
	<string id="%644%" value="EN S355J0WP"/>
	<string id="%645%" value="EN 51CrV4"/>
	<string id="%646%" value="Acciaio di tempra comune"/>
	<string id="%647%" value="EN 10CrMo9-10"/>
	<string id="%648%" value="EN 11CrMo9-10"/>
	<string id="%649%" value="EN 16NiCr4"/>
	<string id="%650%" value="EN 12Ni14"/>
	<string id="%651%" value="EN 34CrNiMo6"/>
	<string id="%652%" value="EN 30CrNiMo8"/>
	<string id="%653%" value="EN 12Ni19"/>
	<string id="%654%" value="EN X8Ni9"/>
	<string id="%655%" value="EN X6Cr13"/>
	<string id="%656%" value="Acciaio inossidabile"/>
	<string id="%657%" value="EN X12Cr13"/>
	<string id="%658%" value="EN X20Cr13"/>
	<string id="%659%" value="EN X30Cr13"/>
	<string id="%660%" value="EN X6Cr17"/>
	<string id="%661%" value="EN X17CrNi16-2"/>
	<string id="%662%" value="EN X5CrNi18-10"/>
	<string id="%663%" value="EN X8CrNiS18-9"/>
	<string id="%664%" value="EN X6CrNiTi18-10"/>
	<string id="%665%" value="Acciaio inossidabile resistente al calore"/>
	<string id="%666%" value="EN X2CrNi19-11"/>
	<string id="%667%" value="EN X2CrNiN18-10"/>
	<string id="%668%" value="EN X5CrNiMo17-12-2"/>
	<string id="%669%" value="EN X6CrNiMoTi17-12-2"/>
	<string id="%670%" value="EN X2CrNiMo17-12-2"/>
	<string id="%671%" value="EN X2CrNiMo18-14-3"/>
	<string id="%672%" value="EN X3CrNiMo17-13-3"/>
	<string id="%673%" value="EN X2CrNiMoN17-11-2"/>
	<string id="%674%" value="EN X2CrNiMoN17-13-3"/>
	<string id="%675%" value="EN X2CrNiMoN22-5-3"/>
	<string id="%676%" value="EN X12CrMnNiN18-9-5"/>
	<string id="%677%" value="Ghisa grigia fusa"/>
	<string id="%678%" value="DIN 9SMn28"/>
	<string id="%679%" value="DIN 10S2O"/>
	<string id="%680%" value="DIN 35S20"/>
	<string id="%681%" value="DIN USt1303"/>
	<string id="%682%" value="Profilato di acciaio imbutito"/>
	<string id="%683%" value="DIN St1405"/>
	<string id="%684%" value="DIN St1203"/>
	<string id="%685%" value="DIN USt34-2"/>
	<string id="%686%" value="DIN St34-2BK"/>
	<string id="%687%" value="DIN St37.0"/>
	<string id="%688%" value="DIN HI"/>
	<string id="%689%" value="DIN St37-2"/>
	<string id="%690%" value="DIN St37-2BK"/>
	<string id="%691%" value="DIN RSt37-2"/>
	<string id="%692%" value="DIN St37-3"/>
	<string id="%693%" value="DIN HII"/>
	<string id="%694%" value="DIN St44-2"/>
	<string id="%695%" value="DIN St44.0"/>
	<string id="%696%" value="DIN St44-3"/>
	<string id="%697%" value="DIN St50-2"/>
	<string id="%698%" value="DIN St52-3"/>
	<string id="%699%" value="DIN St52.0"/>
	<string id="%700%" value="DIN St52-3BK"/>
	<string id="%701%" value="DIN St60-2"/>
	<string id="%702%" value="DIN St70-2"/>
	<string id="%703%" value="DIN Ck10"/>
	<string id="%704%" value="DIN Ck15"/>
	<string id="%705%" value="DIN Ck22"/>
	<string id="%706%" value="DIN Ck25"/>
	<string id="%707%" value="DIN Ck30"/>
	<string id="%708%" value="DIN Ck35"/>
	<string id="%709%" value="DIN Cf35"/>
	<string id="%710%" value="DIN Ck40"/>
	<string id="%711%" value="DIN Ck45"/>
	<string id="%712%" value="DIN Cf45"/>
	<string id="%713%" value="DIN Ck50"/>
	<string id="%714%" value="con superficie temprata"/>
	<string id="%715%" value="DIN Cf53"/>
	<string id="%716%" value="DIN Ck55"/>
	<string id="%717%" value="DIN Ck60"/>
	<string id="%718%" value="cementato mediante carbonitrurazione"/>
	<string id="%719%" value="DIN 17Mn4"/>
	<string id="%720%" value="DIN 28Mn6"/>
	<string id="%721%" value="DIN 17Cr3"/>
	<string id="%722%" value="DIN 34Cr4"/>
	<string id="%723%" value="DIN 37Cr4"/>
	<string id="%724%" value="cementato e temprato mediante carbonitrurazione"/>
	<string id="%725%" value="DIN 38Cr4"/>
	<string id="%726%" value="DIN 41Cr4"/>
	<string id="%727%" value="DIN 42Cr4"/>
	<string id="%728%" value="DIN 37CrS4"/>
	<string id="%729%" value="DIN 41CrS4"/>
	<string id="%730%" value="DIN 55Cr3"/>
	<string id="%731%" value="Acciaio molla"/>
	<string id="%732%" value="DIN 16MnCr5"/>
	<string id="%733%" value="DIN 20MnCr5"/>
	<string id="%734%" value="DIN 54SiCr6"/>
	<string id="%735%" value="DIN 15Mo3"/>
	<string id="%736%" value="DIN 13CrMo4"/>
	<string id="%737%" value="DIN WTSt52-3"/>
	<string id="%738%" value="DIN 25CrMo4"/>
	<string id="%739%" value="DIN 34CrMo4"/>
	<string id="%740%" value="DIN 42CrMo4"/>
	<string id="%741%" value="DIN 41CrMo4"/>
	<string id="%742%" value="DIN 49CrMo4"/>
	<string id="%743%" value="DIN 30CrV9"/>
	<string id="%744%" value="nitrurato"/>
	<string id="%745%" value="Acciaio nitrurato"/>
	<string id="%746%" value="DIN 42CrV6"/>
	<string id="%747%" value="DIN 50CrV4"/>
	<string id="%748%" value="DIN 10CrMo9-10"/>
	<string id="%749%" value="DIN 41CrAlMo7"/>
	<string id="%750%" value="DIN 32CrMo12"/>
	<string id="%751%" value="DIN 31CrMo12"/>
	<string id="%752%" value="DIN 17CrNiMo6"/>
	<string id="%753%" value="DIN 10Ni14"/>
	<string id="%754%" value="DIN 34CrNiMo6"/>
	<string id="%755%" value="DIN 30CrNiMo8"/>
	<string id="%756%" value="DIN 12Ni19"/>
	<string id="%757%" value="DIN X8Ni9"/>
	<string id="%758%" value="DIN X6Cr13"/>
	<string id="%759%" value="DIN X6Cr17"/>
	<string id="%760%" value="DIN X10Cr13"/>
	<string id="%761%" value="DIN X20Cr13"/>
	<string id="%762%" value="DIN X30Cr13"/>
	<string id="%763%" value="DIN X45CrSi93"/>
	<string id="%764%" value="DIN X6CrAl13"/>
	<string id="%765%" value="DIN X20CrNi172"/>
	<string id="%766%" value="DIN X85CrMoV182"/>
	<string id="%767%" value="DIN X5CrNi1810"/>
	<string id="%768%" value="DIN X10CrNiS189"/>
	<string id="%769%" value="DIN X6CrNiTi1810"/>
	<string id="%770%" value="DIN X2CrNi1911"/>
	<string id="%771%" value="DIN X2CrNiN1810"/>
	<string id="%772%" value="DIN X5CrNiMo17122"/>
	<string id="%773%" value="DIN X6CrNiMoTi17122"/>
	<string id="%774%" value="DIN X2CrNiMo17132"/>
	<string id="%775%" value="DIN X2CrNiMo18143"/>
	<string id="%776%" value="DIN X5CrNiMo17133"/>
	<string id="%777%" value="DIN X2CrNiMoN17122"/>
	<string id="%778%" value="DIN X2CrNiMoN17133"/>
	<string id="%779%" value="DIN X2CrNiMoN17135"/>
	<string id="%780%" value="DIN X8CrMnNi188"/>
	<string id="%781%" value="DIN X53CrMnNiN219"/>
	<string id="%782%" value="DIN GG - 15"/>
	<string id="%783%" value="DIN GG - 20"/>
	<string id="%784%" value="DIN GG - 25"/>
	<string id="%785%" value="DIN GG - 30"/>
	<string id="%786%" value="DIN GG - 35"/>
	<string id="%787%" value="DIN GGG - 50"/>
	<string id="%788%" value="DIN GGG - 60"/>
	<string id="%789%" value="DIN GGG - 70"/>
	<string id="%790%" value="DIN GGG - 80"/>
	<string id="%791%" value="DIN GTS - 40"/>
	<string id="%792%" value="DIN GTS - 50"/>
	<string id="%793%" value="BS 230M07"/>
	<string id="%794%" value="BS 210M15"/>
	<string id="%795%" value="BS 212M36"/>
	<string id="%796%" value="BS CR3GP"/>
	<string id="%797%" value="BS CR2PL"/>
	<string id="%798%" value="BS CR4GP"/>
	<string id="%799%" value="BS CEW2BK"/>
	<string id="%800%" value="BS CFS3NBK"/>
	<string id="%801%" value="BS Grado 360"/>
	<string id="%802%" value="BS 40A"/>
	<string id="%803%" value="BS CEW3BK"/>
	<string id="%804%" value="BS 40B"/>
	<string id="%805%" value="BS 40C"/>
	<string id="%806%" value="BS Grado 430"/>
	<string id="%807%" value="BS 43B"/>
	<string id="%808%" value="BS CFS6NBK"/>
	<string id="%809%" value="BS 43D"/>
	<string id="%810%" value="BS 50B"/>
	<string id="%811%" value="BS 50C"/>
	<string id="%812%" value="BS 50D"/>
	<string id="%813%" value="BS CFS8NBK"/>
	<string id="%814%" value="BS CEW5BK"/>
	<string id="%815%" value="BS 55C"/>
	<string id="%816%" value="BS 55E"/>
	<string id="%817%" value="BS 045M10"/>
	<string id="%818%" value="BS 080M15"/>
	<string id="%819%" value="BS 070M20"/>
	<string id="%820%" value="BS 070M26"/>
	<string id="%821%" value="BS 080M30"/>
	<string id="%822%" value="BS 080M36"/>
	<string id="%823%" value="BS 080A35"/>
	<string id="%824%" value="BS 080M40"/>
	<string id="%825%" value="BS 080M46"/>
	<string id="%826%" value="BS 060A47"/>
	<string id="%827%" value="BS 080M50"/>
	<string id="%828%" value="BS 060A57"/>
	<string id="%829%" value="BS 070M55"/>
	<string id="%830%" value="BS 150M19"/>
	<string id="%831%" value="BS 251A58"/>
	<string id="%832%" value="BS 523M15"/>
	<string id="%833%" value="BS 530A36"/>
	<string id="%834%" value="BS 530M40"/>
	<string id="%835%" value="Acciaio da trattamento termico di tempra comune"/>
	<string id="%836%" value="BS 527M17"/>
	<string id="%837%" value="BS 525A60"/>
	<string id="%838%" value="BS 708A25"/>
	<string id="%839%" value="BS 708A37"/>
	<string id="%840%" value="BS 708M40"/>
	<string id="%841%" value="BS 735A51"/>
	<string id="%842%" value="BS 905M39"/>
	<string id="%843%" value="BS 722M22"/>
	<string id="%844%" value="BS 722M24"/>
	<string id="%845%" value="BS 815M17"/>
	<string id="%846%" value="BS 820M17"/>
	<string id="%847%" value="BS 817M40"/>
	<string id="%848%" value="BS 403S17"/>
	<string id="%849%" value="BS 410S21"/>
	<string id="%850%" value="BS 420S37"/>
	<string id="%851%" value="BS 430S17"/>
	<string id="%852%" value="BS 401S45"/>
	<string id="%853%" value="BS 431S29"/>
	<string id="%854%" value="BS 304S15"/>
	<string id="%855%" value="BS 303S31"/>
	<string id="%856%" value="BS 321S31"/>
	<string id="%857%" value="BS 304S11"/>
	<string id="%858%" value="BS 310S31"/>
	<string id="%859%" value="BS 316S11"/>
	<string id="%860%" value="BS 316S31"/>
	<string id="%861%" value="BS 349S54"/>
	<string id="%862%" value="CSN 10370"/>
	<string id="%863%" value="CSN 11110"/>
	<string id="%864%" value="CSN 11120"/>
	<string id="%865%" value="CSN 11140"/>
	<string id="%866%" value="CSN 11301"/>
	<string id="%867%" value="CSN 11305"/>
	<string id="%868%" value="CSN 11321"/>
	<string id="%869%" value="CSN 11343"/>
	<string id="%870%" value="CSN 11353"/>
	<string id="%871%" value="CSN 11368"/>
	<string id="%872%" value="CSN 11373"/>
	<string id="%873%" value="CSN 11378"/>
	<string id="%874%" value="CSN 11418"/>
	<string id="%875%" value="CSN 11423"/>
	<string id="%876%" value="CSN 11448"/>
	<string id="%877%" value="CSN 11453"/>
	<string id="%878%" value="CSN 11500"/>
	<string id="%879%" value="CSN 11503"/>
	<string id="%880%" value="CSN 11523"/>
	<string id="%881%" value="CSN 11600"/>
	<string id="%882%" value="CSN 11700"/>
	<string id="%883%" value="CSN 12010"/>
	<string id="%884%" value="CSN 12020"/>
	<string id="%885%" value="CSN 12024"/>
	<string id="%886%" value="CSN 12030"/>
	<string id="%887%" value="CSN 12031"/>
	<string id="%888%" value="CSN 12040"/>
	<string id="%889%" value="CSN 12041"/>
	<string id="%890%" value="CSN 12050"/>
	<string id="%891%" value="CSN 12051"/>
	<string id="%892%" value="CSN 12060"/>
	<string id="%893%" value="CSN 12061"/>
	<string id="%894%" value="CSN 12071"/>
	<string id="%895%" value="CSN 13030"/>
	<string id="%896%" value="CSN 13141"/>
	<string id="%897%" value="CSN 13180"/>
	<string id="%898%" value="CSN 13220"/>
	<string id="%899%" value="Acciaio saldabile a trattamento termico"/>
	<string id="%900%" value="CSN 13221"/>
	<string id="%901%" value="CSN 13240"/>
	<string id="%902%" value="CSN 13242"/>
	<string id="%903%" value="CSN 13251"/>
	<string id="%904%" value="CSN 13260"/>
	<string id="%905%" value="Acciaio"/>
	<string id="%906%" value="CSN 13270"/>
	<string id="%907%" value="CSN 14120"/>
	<string id="%908%" value="CSN 14140"/>
	<string id="%909%" value="Acciaio da trattamento termico di tempra comune mediante carbonitrurazione"/>
	<string id="%910%" value="CSN 14141"/>
	<string id="%911%" value="CSN 14146"/>
	<string id="%912%" value="CSN 14148"/>
	<string id="%913%" value="CSN 14220"/>
	<string id="%914%" value="CSN 14221"/>
	<string id="%915%" value="CSN 14223"/>
	<string id="%916%" value="CSN 14230"/>
	<string id="%917%" value="CSN 14260"/>
	<string id="%918%" value="CSN 14262"/>
	<string id="%919%" value="CSN 15020"/>
	<string id="%920%" value="CSN 15121"/>
	<string id="%921%" value="CSN 15127"/>
	<string id="%922%" value="CSN 15130"/>
	<string id="%923%" value="CSN 15131"/>
	<string id="%924%" value="CSN 15141"/>
	<string id="%925%" value="CSN 15142"/>
	<string id="%926%" value="CSN 15217"/>
	<string id="%927%" value="CSN 15222"/>
	<string id="%928%" value="Acciaio saldabile ad alta resistenza"/>
	<string id="%929%" value="CSN 15230"/>
	<string id="%930%" value="Acciaio nitrurato da trattamento termico"/>
	<string id="%931%" value="CSN 15241"/>
	<string id="%932%" value="CSN 15260"/>
	<string id="%933%" value="CSN 15313"/>
	<string id="%934%" value="CSN 15330"/>
	<string id="%935%" value="CSN 15340"/>
	<string id="%936%" value="CSN 15432"/>
	<string id="%937%" value="CSN 16220"/>
	<string id="%938%" value="CSN 16223"/>
	<string id="%939%" value="CSN 16321"/>
	<string id="%940%" value="CSN 16326"/>
	<string id="%941%" value="CSN 16329"/>
	<string id="%942%" value="CSN 16343"/>
	<string id="%943%" value="CSN 16420"/>
	<string id="%944%" value="CSN 16430"/>
	<string id="%945%" value="CSN 16527"/>
	<string id="%946%" value="CSN 16640"/>
	<string id="%947%" value="CSN 17020"/>
	<string id="%948%" value="CSN 17021"/>
	<string id="%949%" value="CSN 17022"/>
	<string id="%950%" value="CSN 17023"/>
	<string id="%951%" value="CSN 17040"/>
	<string id="%952%" value="CSN 17041"/>
	<string id="%953%" value="CSN 17113"/>
	<string id="%954%" value="CSN 17115"/>
	<string id="%955%" value="CSN 17125"/>
	<string id="%956%" value="CSN 17145"/>
	<string id="%957%" value="CSN 17150"/>
	<string id="%958%" value="CSN 17240"/>
	<string id="%959%" value="CSN 17241"/>
	<string id="%960%" value="CSN 17243"/>
	<string id="%961%" value="CSN 17246"/>
	<string id="%962%" value="CSN 17247"/>
	<string id="%963%" value="CSN 17248"/>
	<string id="%964%" value="CSN 17249"/>
	<string id="%965%" value="CSN 17251"/>
	<string id="%966%" value="CSN 17253"/>
	<string id="%967%" value="CSN 17255"/>
	<string id="%968%" value="CSN 17256"/>
	<string id="%969%" value="CSN 17259"/>
	<string id="%970%" value="CSN 17265"/>
	<string id="%971%" value="CSN 17346"/>
	<string id="%972%" value="CSN 17348"/>
	<string id="%973%" value="CSN 17359"/>
	<string id="%974%" value="CSN 17460"/>
	<string id="%975%" value="CSN 17465"/>
	<string id="%976%" value="CSN 17501"/>
	<string id="%977%" value="CSN 422303"/>
	<string id="%978%" value="CSN 422304"/>
	<string id="%979%" value="CSN 422305"/>
	<string id="%980%" value="CSN 422306"/>
	<string id="%981%" value="CSN 422307"/>
	<string id="%982%" value="CSN 422308"/>
	<string id="%983%" value="CSN 422410"/>
	<string id="%984%" value="CSN 422415"/>
	<string id="%985%" value="CSN 422420"/>
	<string id="%986%" value="CSN 422425"/>
	<string id="%987%" value="CSN 422430"/>
	<string id="%988%" value="CSN 422435"/>
	<string id="%989%" value="CSN 422532"/>
	<string id="%990%" value="CSN 422533"/>
	<string id="%991%" value="CSN 422536"/>
	<string id="%992%" value="CSN 422540"/>
	<string id="%993%" value="CSN 422545"/>
	<string id="%994%" value="CSN 422555"/>
	<string id="%995%" value="CSN 422630"/>
	<string id="%996%" value="Acciaio fuso al carbonio"/>
	<string id="%997%" value="CSN 422640"/>
	<string id="%998%" value="CSN 422650"/>
	<string id="%999%" value="CSN 242660"/>
	<string id="%1000%" value="CSN 422670"/>
	<string id="%1001%" value="CSN 422709"/>
	<string id="%1002%" value="Acciaio fuso legato"/>
	<string id="%1003%" value="CSN 422712"/>
	<string id="%1004%" value="CSN 422713"/>
	<string id="%1005%" value="CSN 422719"/>
	<string id="%1006%" value="CSN 422724"/>
	<string id="%1007%" value="CSN 422735"/>
	<string id="%1008%" value="CSN 422739"/>
	<string id="%1009%" value="CSN 422753"/>
	<string id="%1010%" value="CSN 422906"/>
	<string id="%1011%" value="Acciaio fuso anticorrosione"/>
	<string id="%1012%" value="CSN 422912"/>
	<string id="%1013%" value="Acciaio fuso resistente al calore"/>
	<string id="%1014%" value="CSN 423013"/>
	<string id="%1015%" value="Bronzo stagnato, saldato CuSn4"/>
	<string id="%1016%" value="CSN 423016"/>
	<string id="%1017%" value="Bronzo stagnato, saldato CuSn6"/>
	<string id="%1018%" value="CSN 423018"/>
	<string id="%1019%" value="Bronzo stagnato, saldato CuSn8"/>
	<string id="%1020%" value="CSN 423042"/>
	<string id="%1021%" value="Bronzo di alluminio, saldato CuAl5"/>
	<string id="%1022%" value="CSN 423044"/>
	<string id="%1023%" value="Bronzo di alluminio, saldato CuAl9Mn2"/>
	<string id="%1024%" value="CSN 423045"/>
	<string id="%1025%" value="Bronzo di alluminio, saldato CuAl9Fe3"/>
	<string id="%1026%" value="CSN 423047"/>
	<string id="%1027%" value="Bronzo di alluminio, saldato CuAl10Fe4Ni4"/>
	<string id="%1028%" value="CSN 423115"/>
	<string id="%1029%" value="Bronzo stagnato, fuso CuSn4"/>
	<string id="%1030%" value="CSN 423119"/>
	<string id="%1031%" value="Bronzo stagnato, fuso CuSn10"/>
	<string id="%1032%" value="CSN 423123"/>
	<string id="%1033%" value="Bronzo stagnato, fuso CuSn12"/>
	<string id="%1034%" value="CSN 423135"/>
	<string id="%1035%" value="Bronzo rosso, fuso CuSn5Zn5Pb5"/>
	<string id="%1036%" value="CSN 423137"/>
	<string id="%1037%" value="Bronzo rosso, fuso CuSn8Zn6Pb3"/>
	<string id="%1038%" value="CSN 423145"/>
	<string id="%1039%" value="Bronzo di alluminio, fuso CuAl9Fe3"/>
	<string id="%1040%" value="CSN 423147"/>
	<string id="%1041%" value="Bronzo di alluminio, fuso CuAl10Fe4Ni4"/>
	<string id="%1042%" value="CSN 423200"/>
	<string id="%1043%" value="Ottone, saldato CuZn4"/>
	<string id="%1044%" value="CSN 423201"/>
	<string id="%1045%" value="Ottone, saldato CuZn10"/>
	<string id="%1046%" value="CSN 423202"/>
	<string id="%1047%" value="Ottone, saldato CuZn15"/>
	<string id="%1048%" value="CSN 423203"/>
	<string id="%1049%" value="Ottone, saldato CuZn20"/>
	<string id="%1050%" value="CSN 423210"/>
	<string id="%1051%" value="Ottone, saldato CuZn30"/>
	<string id="%1052%" value="CSN 423212"/>
	<string id="%1053%" value="Ottone, saldato CuZn32"/>
	<string id="%1054%" value="CSN 423213"/>
	<string id="%1055%" value="Ottone, saldato CuZn37"/>
	<string id="%1056%" value="CSN 423214"/>
	<string id="%1057%" value="Ottone, saldato CuZn32Pb1"/>
	<string id="%1058%" value="CSN 423226"/>
	<string id="%1059%" value="CSN 423231"/>
	<string id="%1060%" value="Ottone, saldato CuZn40Mn3Al1"/>
	<string id="%1061%" value="CSN 423256"/>
	<string id="%1062%" value="Ottone, saldato CuNi15Zn21"/>
	<string id="%1063%" value="CSN 423303"/>
	<string id="%1064%" value="Ottone, fuso CuZn17Si3"/>
	<string id="%1065%" value="CSN 423311"/>
	<string id="%1066%" value="Ottone, fuso CuZn35AlFe3Mn2"/>
	<string id="%1067%" value="CSN 423319"/>
	<string id="%1068%" value="Ottone, fuso CuZn40"/>
	<string id="%1069%" value="CSN 423320"/>
	<string id="%1070%" value="Ottone, fuso CuZn38Fe1Al1Mn1"/>
	<string id="%1071%" value="CSN 424003"/>
	<string id="%1072%" value="Alluminio Al 99.7"/>
	<string id="%1073%" value="CSN 424201"/>
	<string id="%1074%" value="Lega di alluminio saldata AlCu4Mg"/>
	<string id="%1075%" value="CSN 424203"/>
	<string id="%1076%" value="CSN 424204"/>
	<string id="%1077%" value="Lega di alluminio saldata AlCu2Mg"/>
	<string id="%1078%" value="CSN 424250"/>
	<string id="%1079%" value="Lega di alluminio saldata AlCu4Mg1Mn1"/>
	<string id="%1080%" value="CSN 424315"/>
	<string id="%1081%" value="Lega di alluminio fusa AlCu4Ni2Mg2"/>
	<string id="%1082%" value="CSN 424330"/>
	<string id="%1083%" value="Lega di alluminio fusa AlSi12Mn"/>
	<string id="%1084%" value="CSN 424331"/>
	<string id="%1085%" value="Lega di alluminio fusa AlSi10MgMn"/>
	<string id="%1086%" value="CSN 424332"/>
	<string id="%1087%" value="Lega di alluminio fusa AlSi7Mg(Fe)"/>
	<string id="%1088%" value="CSN 424336"/>
	<string id="%1089%" value="Lega di alluminio fusa AlSi12CuMgNi"/>
	<string id="%1090%" value="CSN 424339"/>
	<string id="%1091%" value="Lega di alluminio fusa AlSi8Cu2Mn"/>
	<string id="%1092%" value="CSN 424357"/>
	<string id="%1093%" value="Lega di alluminio fusa AlSi5Cu4Zn"/>
	<string id="%1094%" value="CSN 424401"/>
	<string id="%1095%" value="Lega di alluminio saldata AlMgSi1"/>
	<string id="%1096%" value="CSN 424413"/>
	<string id="%1097%" value="Lega di alluminio saldata AlMg3"/>
	<string id="%1098%" value="CSN 424415"/>
	<string id="%1099%" value="Lega di alluminio saldata AlMg5"/>
	<string id="%1100%" value="CSN 424432"/>
	<string id="%1101%" value="Lega di alluminio saldata AlMn1"/>
	<string id="%1102%" value="CSN 424441"/>
	<string id="%1103%" value="CSN 424515"/>
	<string id="%1104%" value="Lega di alluminio fusa AlMg5Si1Mn"/>
	<string id="%1105%" value="CSN 424519"/>
	<string id="%1106%" value="Lega di alluminio fusa AlMg9SiCa"/>
	<string id="%1107%" value="MgAl3Zn1"/>
	<string id="%1108%" value="Lega di magnesio saldata MgAl3Zn1"/>
	<string id="%1109%" value="MgAl9Zn2Mn"/>
	<string id="%1110%" value="Lega di magnesio saldata MgAl9Zn2Mn"/>
	<string id="%1111%" value="MgMn2Ce"/>
	<string id="%1112%" value="Lega di magnesio saldata MgMn2Ce"/>
	<string id="%1113%" value="MgZn3Zr1"/>
	<string id="%1114%" value="Lega di magnesio saldata MgZn3Zr1"/>
	<string id="%1115%" value="Lega di magnesio fusa MgAl3Zn1"/>
	<string id="%1116%" value="MgAl9ZnMn"/>
	<string id="%1117%" value="Lega di magnesio fusa MgAl9ZnMn"/>
	<string id="%1118%" value="Lega di magnesio fusa MgMn2"/>
	<string id="%1119%" value="MgSi2"/>
	<string id="%1120%" value="Lega di magnesio fusa MgSi2"/>
	<string id="%1121%" value="Steel 10 GOST 1050-88"/>
	<string id="%1122%" value="Steel 15 GOST 1050-88"/>
	<string id="%1123%" value="Steel 20 GOST 1050-88"/>
	<string id="%1124%" value="Steel S235 GOST 27772-88"/>
	<string id="%1125%" value="Steel S245 GOST 27772-88"/>
	<string id="%1126%" value="Steel S255 GOST 27772-88"/>
	<string id="%1127%" value="Steel S285 GOST 27772-88"/>
	<string id="%1128%" value="Steel S345 GOST 27772-88"/>
	<string id="%1129%" value="Steel S375 GOST 27772-88"/>
	<string id="%1130%" value="Steel 25 GOST 1050-88"/>
	<string id="%1131%" value="Steel 30 GOST 1050-88"/>
	<string id="%1132%" value="Steel 35 GOST 1050-88"/>
	<string id="%1133%" value="Steel 40 GOST 1050-88"/>
	<string id="%1134%" value="Steel 45 GOST 1050-88"/>
	<string id="%1135%" value="Steel 50 GOST 1050-88"/>
	<string id="%1136%" value="Steel 55 GOST 1050-88"/>
	<string id="%1137%" value="Steel 60 GOST 1050-88"/>
	<string id="%1138%" value="Steel 50ChFA GOST 14959-79"/>
	<string id="%1139%" value="Steel 15Ch GOST 4543-71"/>
	<string id="%1140%" value="Steel 38ChA GOST 4543-71"/>
	<string id="%1141%" value="Steel 40Ch GOST 4543-71"/>
	<string id="%1142%" value="Steel 18ChG GOST 4543-71"/>
	<string id="%1143%" value="Steel 18ChGT GOST 4543-71"/>
	<string id="%1144%" value="Steel 55S2 GOST 14959-79"/>
	<string id="%1145%" value="Steel 50ChGA GOST 14959-79"/>
	<string id="%1146%" value="Steel 40ChFA GOST 4543-71"/>
	<string id="%1147%" value="Steel 50ChGFA GOST 14959-79"/>
	<string id="%1148%" value="Steel 38Ch2MJuA GOST 4543-71"/>
	<string id="%1149%" value="Steel 12ChN3A GOST 4543-71"/>
	<string id="%1150%" value="Steel 12Ch2N4A GOST 4543-71"/>
	<string id="%1151%" value="NF S250"/>
	<string id="%1152%" value="NF 13MF4"/>
	<string id="%1153%" value="NF 35MF6"/>
	<string id="%1154%" value="NF XE"/>
	<string id="%1155%" value="NF ZE"/>
	<string id="%1156%" value="NF ZES"/>
	<string id="%1157%" value="NF A34-2"/>
	<string id="%1158%" value="NF A37CP"/>
	<string id="%1159%" value="NF A42CP"/>
	<string id="%1160%" value="NF E24-2"/>
	<string id="%1161%" value="NF E24-3"/>
	<string id="%1162%" value="NF E28-2"/>
	<string id="%1163%" value="NF E28-4"/>
	<string id="%1164%" value="NF A50-2"/>
	<string id="%1165%" value="NF E36-3"/>
	<string id="%1166%" value="NF E36-4"/>
	<string id="%1167%" value="NF A60-2"/>
	<string id="%1168%" value="NF A70-2"/>
	<string id="%1169%" value="NF XC10"/>
	<string id="%1170%" value="NF XC12"/>
	<string id="%1171%" value="NF XC18"/>
	<string id="%1172%" value="NF XC25"/>
	<string id="%1173%" value="NF XC32"/>
	<string id="%1174%" value="NF XC38H1"/>
	<string id="%1175%" value="NF XC42TS"/>
	<string id="%1176%" value="NF XC42H1"/>
	<string id="%1177%" value="NF XC48H1"/>
	<string id="%1178%" value="NF XC55H1"/>
	<string id="%1179%" value="NF 52M4TS"/>
	<string id="%1180%" value="NF A48CP"/>
	<string id="%1181%" value="NF 35M5"/>
	<string id="%1182%" value="NF 51S7"/>
	<string id="%1183%" value="NF 32C4"/>
	<string id="%1184%" value="NF 38C4"/>
	<string id="%1185%" value="NF 42C4"/>
	<string id="%1186%" value="NF 35CD4TS"/>
	<string id="%1187%" value="NF 42C4TS"/>
	<string id="%1188%" value="NF 16MC5"/>
	<string id="%1189%" value="NF 20MC5"/>
	<string id="%1190%" value="NF 55C3"/>
	<string id="%1191%" value="NF 15D3"/>
	<string id="%1192%" value="NF 15CD405"/>
	<string id="%1193%" value="NF 25CD4"/>
	<string id="%1194%" value="NF 34CD4"/>
	<string id="%1195%" value="NF 42CD4"/>
	<string id="%1196%" value="NF 42CD4TS"/>
	<string id="%1197%" value="NF 50CV4"/>
	<string id="%1198%" value="NF 40CAD612"/>
	<string id="%1199%" value="NF 30CD12"/>
	<string id="%1200%" value="NF 16NC6"/>
	<string id="%1201%" value="NF 18NCD6"/>
	<string id="%1202%" value="NF 30CND8"/>
	<string id="%1203%" value="NF Z6C13"/>
	<string id="%1204%" value="NF Z12C13"/>
	<string id="%1205%" value="NF Z20C13"/>
	<string id="%1206%" value="NF Z30C13"/>
	<string id="%1207%" value="NF Z8C17"/>
	<string id="%1208%" value="NF Z8CA7"/>
	<string id="%1209%" value="NF Z45CS9"/>
	<string id="%1210%" value="NF Z6CA13"/>
	<string id="%1211%" value="NF Z10C13"/>
	<string id="%1212%" value="NF Z85CDMV1802"/>
	<string id="%1213%" value="NF Z6CN1809"/>
	<string id="%1214%" value="NF Z6CNT1810"/>
	<string id="%1215%" value="NF Z6CNT1812"/>
	<string id="%1216%" value="NF Z2CN1810"/>
	<string id="%1217%" value="NF Z15CN2413"/>
	<string id="%1218%" value="NF Z12NCS3516"/>
	<string id="%1219%" value="NF Z12CN2520"/>
	<string id="%1220%" value="NF Z12CNS2520"/>
	<string id="%1221%" value="NF Z6CND1711"/>
	<string id="%1222%" value="NF Z6CNDT1712"/>
	<string id="%1223%" value="NF Z2CND1712"/>
	<string id="%1224%" value="NF Z2CND1713"/>
	<string id="%1225%" value="NF Z6CND1712"/>
	<string id="%1226%" value="NF Z52CMN2109"/>
	<string id="%1227%" value="JIS SUM22"/>
	<string id="%1228%" value="JIS SS330"/>
	<string id="%1229%" value="JIS STKM13B"/>
	<string id="%1230%" value="JIS STKM12A"/>
	<string id="%1231%" value="JIS STKM12C"/>
	<string id="%1232%" value="JIS SS400"/>
	<string id="%1233%" value="JIS SS490"/>
	<string id="%1234%" value="JIS SM52OC"/>
	<string id="%1235%" value="JIS SM52OB"/>
	<string id="%1236%" value="JIS STKM16A"/>
	<string id="%1237%" value="JIS STKM16C"/>
	<string id="%1238%" value="JIS SM570"/>
	<string id="%1239%" value="JIS S10C"/>
	<string id="%1240%" value="JIS S15C"/>
	<string id="%1241%" value="JIS S22C"/>
	<string id="%1242%" value="JIS S25C"/>
	<string id="%1243%" value="JIS S30C"/>
	<string id="%1244%" value="JIS S35C"/>
	<string id="%1245%" value="JIS S40C"/>
	<string id="%1246%" value="JIS S45C"/>
	<string id="%1247%" value="JIS S50C"/>
	<string id="%1248%" value="JIS S55C"/>
	<string id="%1249%" value="JIS S58C"/>
	<string id="%1250%" value="JIS SMn433"/>
	<string id="%1251%" value="JIS SCr430"/>
	<string id="%1252%" value="JIS SCr435"/>
	<string id="%1253%" value="JIS SCr440"/>
	<string id="%1254%" value="JIS SMnC420"/>
	<string id="%1255%" value="JIS SUP9"/>
	<string id="%1256%" value="JIS SCM415"/>
	<string id="%1257%" value="JIS SCM420"/>
	<string id="%1258%" value="JIS SCM430"/>
	<string id="%1259%" value="JIS SCM435"/>
	<string id="%1260%" value="JIS SCM440"/>
	<string id="%1261%" value="JIS SCM445"/>
	<string id="%1262%" value="JIS SUP10"/>
	<string id="%1263%" value="JIS SNC420"/>
	<string id="%1264%" value="JIS SNC815"/>
	<string id="%1265%" value="JIS SNCM815"/>
	<string id="%1266%" value="JIS SNCM447"/>
	<string id="%1267%" value="JIS SNCM630"/>
	<string id="%1268%" value="JIS SUS403"/>
	<string id="%1269%" value="JIS SUS405"/>
	<string id="%1270%" value="JIS SUS410"/>
	<string id="%1271%" value="JIS SUS420J1"/>
	<string id="%1272%" value="JIS SUS420J2"/>
	<string id="%1273%" value="JIS SUS430"/>
	<string id="%1274%" value="JIS SUS431"/>
	<string id="%1275%" value="JIS SUS304"/>
	<string id="%1276%" value="JIS SUS303"/>
	<string id="%1277%" value="JIS SUS316"/>
	<string id="%1278%" value="JIS SUS316L"/>
	<string id="%1279%" value="JIS SUS321"/>
	<string id="%1280%" value="JIS SUS304L"/>
	<string id="%1281%" value="JIS SUS3093"/>
	<string id="%1282%" value="JIS SUH1"/>
	<string id="%1283%" value="JIS SUH330"/>
	<string id="%1284%" value="JIS SUH310"/>
	<string id="%1285%" value="JIS SUH35"/>
	<string id="%1286%" value="ul"/>
	<string id="%1287%" value="%"/>
	<string id="%1288%" value="Steel 08 GOST 1050-88"/>
	<string id="%1289%" value="Steel ST3KP GOST 380-94"/>
	<string id="%1290%" value="Steel ST3PC GOST 380-94"/>
	<string id="%1291%" value="Steel ST3CP GOST 380-94"/>
	<string id="%1292%" value="Steel ST4KP GOST 380-94"/>
	<string id="%1293%" value="Steel ST4PS GOST 380-94"/>
	<string id="%1294%" value="Steel ST4SP GOST 380-94"/>
	<string id="%1295%" value="Steel ST5PS GOST 380-94"/>
	<string id="%1296%" value="Steel ST5SP GOST 380-94"/>
	<string id="%1297%" value="Steel ST6PS GOST 380-94"/>
	<string id="%1298%" value="Steel ST6SP GOST 380-94"/>
	<string id="%1299%" value="Steel 20G GOST 1050-88"/>
	<string id="%1300%" value="Steel 30G GOST 1050-88"/>
	<string id="%1301%" value="Steel 40G GOST 1050-88"/>
	<string id="%1302%" value="Steel 50G GOST 1050-88"/>
	<string id="%1303%" value="Steel 65G GOST 1050-88"/>
	<string id="%1304%" value="Steel A11 GOST 1414-75"/>
	<string id="%1305%" value="Steel A12 GOST 1414-75"/>
	<string id="%1306%" value="Steel A20 GOST 1414-75"/>
	<string id="%1307%" value="Steel A30 GOST 1414-75"/>
	<string id="%1308%" value="Steel A35 GOST 1414-75"/>
	<string id="%1309%" value="Steel 20Ch GOST 4543-71"/>
	<string id="%1310%" value="Steel 30Ch GOST 4543-71"/>
	<string id="%1311%" value="Steel 35Ch GOST 4543-71"/>
	<string id="%1312%" value="Steel 45Ch GOST 4543-71"/>
	<string id="%1313%" value="Steel 50Ch GOST 4543-71"/>
	<string id="%1314%" value="Steel 10G2 GOST 4543-71"/>
	<string id="%1315%" value="Steel 35G2 GOST 4543-71"/>
	<string id="%1316%" value="Steel 40G2 GOST 4543-71"/>
	<string id="%1317%" value="Steel 45G2 GOST 4543-71"/>
	<string id="%1318%" value="Steel 33ChS GOST 4543-71"/>
	<string id="%1319%" value="Steel 38ChS GOST 4543-71"/>
	<string id="%1320%" value="Steel 30ChMA GOST 4543-71"/>
	<string id="%1321%" value="Steel 30ChM GOST 4543-71"/>
	<string id="%1322%" value="Steel 35ChM GOST 4543-71"/>
	<string id="%1323%" value="Steel 30ChGT GOST 4543-71"/>
	<string id="%1324%" value="Steel 20ChGSA GOST 4543-71"/>
	<string id="%1325%" value="Steel 20ChGNR GOST 4543-71"/>
	<string id="%1326%" value="Steel 30ChGS GOST 4543-71"/>
	<string id="%1327%" value="Steel 20ChN GOST 4543-71"/>
	<string id="%1328%" value="Steel 40ChN GOST 4543-71"/>
	<string id="%1329%" value="Steel 45ChN GOST 4543-71"/>
	<string id="%1330%" value="Steel 50ChN GOST 4543-71"/>
	<string id="%1331%" value="Steel 30ChN3A GOST 4543-71"/>
	<string id="%1332%" value="Steel 12ChN2 GOST 4543-71"/>
	<string id="%1333%" value="Steel 20Ch2N4A GOST 4543-71"/>
	<string id="%1334%" value="Steel 30ChGSA GOST 4543-71"/>
	<string id="%1335%" value="Steel 38Ch210 GOST 4543-71"/>
	<string id="%1336%" value="Steel 12MCh GOST 20072-74"/>
	<string id="%1337%" value="Steel 12Ch1MF GOST 20072-74"/>
	<string id="%1338%" value="Steel 20Ch1M1F1TR GOST 20072-74"/>
	<string id="%1339%" value="Steel 20Ch1M1F1BR GOST 20072-74"/>
	<string id="%1340%" value="Steel 25Ch1MF GOST 20072-74"/>
	<string id="%1341%" value="Steel 18Ch3MV GOST 20072-74"/>
	<string id="%1342%" value="Steel 20Ch3MVF GOST 20072-74"/>
	<string id="%1343%" value="Steel 15Ch5 GOST 20072-74"/>
	<string id="%1344%" value="Steel 15Ch5M GOST 20072-74"/>
	<string id="%1345%" value="Steel 15Ch5VF GOST 20072-74"/>
	<string id="%1346%" value="Steel 12Ch8VF GOST 20072-74"/>
	<string id="%1347%" value="Steel 13Ch14N3V2FR GOST 5949-75"/>
	<string id="%1348%" value="Steel 10Ch11N23T3MR GOST 5949-75"/>
	<string id="%1349%" value="Steel 12Ch18N10T GOST 5949-75"/>
	<string id="%1350%" value="Steel 12Ch18N9T GOST 5949-75"/>
	<string id="%1351%" value="Steel 12Ch18N12T GOST 5949-75"/>
	<string id="%1352%" value="Steel 12Ch25N16G7AR GOST 5949-75"/>
	<string id="%1353%" value="Steel 20 GOST 1577-93"/>
	<string id="%1354%" value="Steel 25 GOST 1577-93"/>
	<string id="%1355%" value="Steel 30 GOST 1577-93"/>
	<string id="%1356%" value="Steel 35 GOST 1577-93"/>
	<string id="%1357%" value="Steel 40 GOST 1577-93"/>
	<string id="%1358%" value="Steel 45 GOST 1577-93"/>
	<string id="%1359%" value="Steel 50 GOST 1577-93"/>
	<string id="%1360%" value="Steel 55 GOST 1577-93"/>
	<string id="%1361%" value="Steel 60 GOST 1577-93"/>
	<string id="%1362%" value="Steel 30Ch GOST 1577-93"/>
	<string id="%1363%" value="Steel 38ChA GOST 1577-93"/>
	<string id="%1364%" value="Steel 40Ch GOST 1577-93"/>
	<string id="%1365%" value="Steel 15L GOST 977-88"/>
	<string id="%1366%" value="Steel 20L GOST 977-88"/>
	<string id="%1367%" value="Steel 25L GOST 977-88"/>
	<string id="%1368%" value="Steel 30L GOST 977-88"/>
	<string id="%1369%" value="Steel 35L GOST 977-88"/>
	<string id="%1370%" value="Steel 40L GOST 977-88"/>
	<string id="%1371%" value="Steel 45L GOST 977-88"/>
	<string id="%1372%" value="Steel 50L GOST 977-88"/>
	<string id="%1373%" value="Steel 20GL GOST 977-88"/>
	<string id="%1374%" value="Steel 35GL GOST 977-88"/>
	<string id="%1375%" value="Steel 20GSL GOST 977-88"/>
	<string id="%1376%" value="Steel 30GSL GOST 977-88"/>
	<string id="%1377%" value="Steel 20G1FL GOST 977-88"/>
	<string id="%1378%" value="Steel 20FL GOST 977-88"/>
	<string id="%1379%" value="Steel 30ChGSFL GOST 977-88"/>
	<string id="%1380%" value="Steel 45FL GOST 977-88"/>
	<string id="%1381%" value="Steel 20ChML GOST 977-88"/>
	<string id="%1382%" value="Steel 20ChMFL GOST 977-88"/>
	<string id="%1383%" value="Steel 20GNMFL GOST 977-88"/>
	<string id="%1384%" value="Steel 35ChML GOST 977-88"/>
	<string id="%1385%" value="Steel 30ChNML GOST 977-88"/>
	<string id="%1386%" value="Steel 35ChGSL GOST 977-88"/>
	<string id="%1387%" value="Steel 20DChL GOST 977-88"/>
	<string id="%1388%" value="Steel 08GDNFL GOST 977-88"/>
	<string id="%1389%" value="Steel 13ChNDFTL GOST 977-88"/>
	<string id="%1390%" value="Steel 12DN2FL GOST 977-88"/>
	<string id="%1391%" value="Steel 32Ch06L GOST 977-88"/>
	<string id="%1392%" value="Steel 35NGML GOST 977-88"/>
	<string id="%1393%" value="Steel 12DChN1MFL GOST 977-88"/>
	<string id="%1394%" value="Steel 23ChGS2MFL GOST 977-88"/>
	<string id="%1395%" value="Steel 12Ch7G3SL GOST 977-88"/>
	<string id="%1396%" value="Steel 25Ch2GNMFL1 GOST 977-88"/>
	<string id="%1397%" value="Steel 25Ch2GNMFL2 GOST 977-88"/>
	<string id="%1398%" value="Steel 27Ch5GSML GOST 977-88"/>
	<string id="%1399%" value="Steel 30Ch3S3GML GOST 977-88"/>
	<string id="%1400%" value="Steel 03N12Ch5M3TL GOST 977-88"/>
	<string id="%1401%" value="Steel 03N12Ch5M3TJuL GOST 977-88"/>
	<string id="%1402%" value="Steel 40ChL GOST 977-88"/>
	<string id="%1403%" value="Grey cast iron 10 GOST1412-85"/>
	<string id="%1404%" value="Grey cast iron 15 GOST1412-85"/>
	<string id="%1405%" value="Grey cast iron 18 GOST1412-85"/>
	<string id="%1406%" value="Grey cast iron 20 GOST1412-85"/>
	<string id="%1407%" value="Grey cast iron 21 GOST1412-85"/>
	<string id="%1408%" value="Grey cast iron 24 GOST1412-85"/>
	<string id="%1409%" value="Grey cast iron 25 GOST1412-85"/>
	<string id="%1410%" value="Grey cast iron 30 GOST1412-85"/>
	<string id="%1411%" value="Grey cast iron 35 GOST1412-85"/>
	<string id="%1412%" value="Nodular cast iron 35 GOST7293-85"/>
	<string id="%1413%" value="Nodular cast iron 40 GOST7293-85"/>
	<string id="%1414%" value="Nodular cast iron 45 GOST7293-85"/>
	<string id="%1415%" value="Nodular cast iron 50 GOST7293-85"/>
	<string id="%1416%" value="Nodular cast iron 60 GOST7293-85"/>
	<string id="%1417%" value="Nodular cast iron 70 GOST7293-85"/>
	<string id="%1418%" value="Nodular cast iron 80 GOST7293-85"/>
	<string id="%1419%" value="Nodular cast iron 100 GOST7293-85"/>
	<string id="%1420%" value="Ghisa malleabile 30-6"/>
	<string id="%1421%" value="Ghisa malleabile 33-8"/>
	<string id="%1422%" value="Ghisa malleabile 35-10"/>
	<string id="%1423%" value="Ghisa malleabile 37-12"/>
	<string id="%1424%" value="Ghisa malleabile 45-7"/>
	<string id="%1425%" value="Ghisa malleabile 50-5"/>
	<string id="%1426%" value="Ghisa malleabile 55-4"/>
	<string id="%1427%" value="Ghisa malleabile 60-3"/>
	<string id="%1428%" value="Ghisa malleabile 65-3"/>
	<string id="%1429%" value="Ghisa malleabile 70-2"/>
	<string id="%1430%" value="Ghisa malleabile 80-1.5"/>
	<string id="%1431%" value="Ghisa malleabile 40"/>
	<string id="%1432%" value="Lavorazione a freddo"/>
	<string id="%1433%" value="Ricottura o rinvenimento a caldo"/>
	<string id="%1434%" value="Migliorato"/>
	<string id="%1435%" value="Temprato e rinvenuto"/>
	<string id="%1436%" value="Tempra e raffreddamento in acqua"/>
	<string id="%1437%" value="Tempra e raffreddamento in olio"/>
	<string id="%1438%" value="Tempra e riscaldamento"/>
	<string id="%1439%" value="Cementazione, tempra e raffreddamento in olio"/>
	<string id="%1440%" value="Ricottura"/>
	<string id="%1441%" value="Profilato di acciaio al carbonio"/>
	<string id="%1442%" value="Profilato di acciaio di qualità al carbonio"/>
	<string id="%1443%" value="Profilato di acciaio di qualità al carbonio, HRC59"/>
	<string id="%1444%" value="Profilato di acciaio di qualità al carbonio, HRC58"/>
	<string id="%1445%" value="Profilato di acciaio di qualità al carbonio, HRC35"/>
	<string id="%1446%" value="Profilato di acciaio di qualità al carbonio, HRC42"/>
	<string id="%1447%" value="Profilato di acciaio di qualità al carbonio, HRC48"/>
	<string id="%1448%" value="Profilato di acciaio di qualità al carbonio, HRC56"/>
	<string id="%1449%" value="Profilato di acciaio di qualità al carbonio, HRC45"/>
	<string id="%1450%" value="Acciaio da costruzione a lavorabilità elevata"/>
	<string id="%1451%" value="Acciaio da costruzione a lavorabilità elevata, dimensioni inferiori a 30 mm"/>
	<string id="%1452%" value="Acciaio da costruzione a lavorabilità elevata, dimensioni superiori a 30 mm"/>
	<string id="%1453%" value="Profilato di acciaio legato"/>
	<string id="%1454%" value="Profilato di acciaio legato, HRC59"/>
	<string id="%1455%" value="Profilato di acciaio legato, HRC39"/>
	<string id="%1456%" value="Profilato di acciaio legato, HRC48"/>
	<string id="%1457%" value="Profilato di acciaio legato, HRC50"/>
	<string id="%1458%" value="Profilato di acciaio legato, HRC43"/>
	<string id="%1459%" value="Profilato di acciaio legato, HRC40"/>
	<string id="%1460%" value="Profilato di acciaio legato, HRC30"/>
	<string id="%1461%" value="Profilato di acciaio legato, HRC46"/>
	<string id="%1462%" value="Acciaio resistente al calore"/>
	<string id="%1463%" value="Acciaio resistente al calore, metodo tempra 1"/>
	<string id="%1464%" value="Acciaio resistente al calore, metodo tempra 2"/>
	<string id="%1465%" value="Acciaio ad alta temperatura resistente alla corrosione e al calore, rinvenimento a 640-680 C"/>
	<string id="%1466%" value="Acciaio ad alta temperatura resistente alla corrosione e al calore, rinvenimento a 540-580 C"/>
	<string id="%1467%" value="Acciaio ad alta temperatura resistente alla corrosione e al calore, tempra a 1100-1170 C, rinvenimento a 750-800 C"/>
	<string id="%1468%" value="Acciaio ad alta temperatura resistente alla corrosione e al calore, tempra a 950-1050 C, rinvenimento a 730-780 C"/>
	<string id="%1469%" value="Acciaio ad alta temperatura resistente alla corrosione e al calore"/>
	<string id="%1470%" value="Lamiere e nastri larghi di profilati di acciaio di qualità. Spessore inferiore a 100 mm"/>
	<string id="%1471%" value="Lamiere e nastri larghi di profilati di acciaio di qualità. Spessore compreso tra 100 mm e 160 mm"/>
	<string id="%1472%" value="Lamiere e nastri larghi di profilati di acciaio di qualità. Spessore inferiore a 16 mm"/>
	<string id="%1473%" value="Lamiere e nastri larghi di profilati di acciaio di qualità. Spessore compreso tra 16 mm e 40 mm"/>
	<string id="%1474%" value="Lamiere e nastri larghi di profilati di acciaio di qualità. Spessore compreso tra 16 mm e 100 mm"/>
	<string id="%1475%" value="Lamiere e nastri larghi di profilati di acciaio di qualità. Spessore compreso tra 40 mm e 100 mm"/>
</Resources>