<Resources>
  <string id="%1%" value="Materiale perno"/>
  <string id="%2%" value="Designazione materiale"/>
  <string id="%3%" value="Sollecitazione a taglio ammissibile"/>
  <string id="%4%" value="MPa"/>
  <string id="%5%" value="Acciaio gr. 37; 42; 4D"/>
  <string id="%6%" value="Acciaio 11 600; 12 040; 12 050; 8G"/>
  <string id="%7%" value="Acciaio 11 500; 5D"/>
  <string id="%8%" value="Acciaio 11.700"/>
  <string id="%9%" value="Materiale"/>
  <string id="%10%" value="||t||.Al|"/>
</Resources>