<Resources>
  <string id="%1%" value="Materiali connessione a pressione"/>
  <string id="%2%" value="Designazione materiale"/>
  <string id="%3%" value="Coefficiente di Poisson"/>
  <string id="%4%" value="ul"/>
  <string id="%5%" value="Modulo di elasticità"/>
  <string id="%6%" value="psi"/>
  <string id="%7%" value="Sollecitazione ammissibile"/>
  <string id="%8%" value="Espansione termica"/>
  <string id="%9%" value="m/mf"/>
  <string id="%10%" value="Espansione termica per raffreddamento"/>
  <string id="%11%" value="Acciaio"/>
  <string id="%12%" value="Ghisa malleabile"/>
  <string id="%13%" value="Acciaio inossidabile"/>
  <string id="%14%" value="Ottone"/>
  <string id="%15%" value="Bronzo"/>
  <string id="%16%" value="Lega di alluminio"/>
  <string id="%17%" value="Lega di magnesio"/>
  <string id="%18%" value="Ghisa"/>
  <string id="%19%" value="Materiale"/>
  <string id="%20%" value="||m|"/>
  <string id="%21%" value="E"/>
  <string id="%22%" value="p|.A|"/>
  <string id="%23%" value="||a|"/>
  <string id="%24%" value="||a||.1|"/>
</Resources>