<Resources>
  <string id="%1%" value="Viscosità dinamica dei lubrificanti selezionati in base alla temperatura"/>
  <string id="%2%" value="Lubrificante"/>
  <string id="%3%" value="Designazione lubrificante"/>
  <string id="%4%" value="||h|"/>
  <string id="%5%" value="Viscosità dinamica lubrificante a 0 |^o|C"/>
  <string id="%6%" value="Pa s"/>
  <string id="%7%" value="||r|"/>
  <string id="%8%" value="Densità olio"/>
  <string id="%9%" value="kg m|^3|"/>
  <string id="%10%" value="Viscosità dinamica lubrificante a 10 |^o|C"/>
  <string id="%11%" value="Viscosità dinamica lubrificante a 20 |^o|C"/>
  <string id="%12%" value="Viscosità dinamica lubrificante a 30 |^o|C"/>
  <string id="%13%" value="Viscosità dinamica lubrificante a 40 |^o|C"/>
  <string id="%14%" value="Viscosità dinamica lubrificante a 50 |^o|C"/>
  <string id="%15%" value="Viscosità dinamica lubrificante a 60 |^o|C"/>
  <string id="%16%" value="Viscosità dinamica lubrificante a 70 |^o|C"/>
  <string id="%17%" value="Viscosità dinamica lubrificante a 80 |^o|C"/>
  <string id="%18%" value="Viscosità dinamica lubrificante a 90 |^o|C"/>
  <string id="%19%" value="Viscosità dinamica lubrificante a 100 |^o|C"/>
  <string id="%20%" value="Olio per cuscinetti SAE 10; 10-W"/>
  <string id="%21%" value="Olio per cuscinetti SAE 20; 20-W"/>
  <string id="%22%" value="Olio per cuscinetti SAE 30"/>
  <string id="%23%" value="Olio per cuscinetti SAE 40"/>
  <string id="%24%" value="Olio per cuscinetti SAE 50"/>
  <string id="%25%" value="Olio per cuscinetti SAE 60"/>
  <string id="%26%" value="Olio per cuscinetti SAE 70"/>
  <string id="%27%" value="Olio per cuscinetti P0"/>
  <string id="%28%" value="Olio per cuscinetti J1"/>
  <string id="%29%" value="Olio per cuscinetti J2"/>
  <string id="%30%" value="Olio per turbine TB32"/>
  <string id="%31%" value="Olio per cuscinetti J3"/>
  <string id="%32%" value="Olio per turbine T4C"/>
  <string id="%33%" value="Olio per cuscinetti J4"/>
  <string id="%34%" value="Olio per cuscinetti J5"/>
  <string id="%35%" value="Olio motore M3AD"/>
  <string id="%36%" value="Olio motore M4A"/>
  <string id="%37%" value="Olio per cuscinetti J6"/>
  <string id="%38%" value="Olio motore M6A"/>
  <string id="%39%" value="Olio OD8"/>
  <string id="%40%" value="Olio M9A"/>
  <string id="%41%" value="Olio K12"/>
  <string id="%42%" value="Olio K18"/>
  <string id="%43%" value="||h||.0|"/>
  <string id="%44%" value="||h||.10|"/>
  <string id="%45%" value="||h||.20|"/>
  <string id="%46%" value="||h||.30|"/>
  <string id="%47%" value="||h||.40|"/>
  <string id="%48%" value="||h||.50|"/>
  <string id="%49%" value="||h||.60|"/>
  <string id="%50%" value="||h||.70|"/>
  <string id="%51%" value="||h||.80|"/>
  <string id="%52%" value="||h||.90|"/>
  <string id="%53%" value="||h||.100|"/>
</Resources>